id_aluno,periodo,idade,horas_estudo_semana,horas_sono,faltas,tempo_deslocamento_min,disciplinas_matriculadas,media_semestre_anterior,horas_monitoria,acesso_ava_semana,tipo_ingresso,bolsa,nota_final,situacao,nota_final_finalizada
CD10000,7,22,19.5,6.9,6,120,7,7.49,2,12,Transferência,Não,8.34,Aprovado,8.34
CD10001,4,35,20.1,7.5,4,45,6,9.79,1,17,Ampla concorrência,Não,7.25,Aprovado,7.25
CD10002,5,27,9.1,5.4,2,16,5,8.67,7,12,Cotas,Sim,5.77,Reprovado,5.77
CD10003,7,23,18.1,5.1,2,41,7,8.74,8,24,Ampla concorrência,Não,8.08,Aprovado,8.08
CD10004,3,18,6.0,5.2,3,76,4,6.26,1,19,Cotas,Não,6.24,Aprovado,6.24
CD10005,8,22,9.4,6.8,5,48,3,7.07,1,29,Transferência,Sim,5.68,Reprovado,5.68
CD10006,5,26,20.5,6.1,1,102,3,5.41,8,21,Ampla concorrência,Sim,6.51,Aprovado,6.51
CD10007,5,29,22.2,7.5,2,33,7,8.03,3,19,Cotas,Não,7.49,Aprovado,7.49
CD10008,7,31,16.8,9.0,3,95,5,5.52,4,14,Transferência,Não,7.69,Aprovado,7.69
CD10009,2,19,14.6,6.5,0,79,6,9.18,8,17,Transferência,Não,7.59,Aprovado,7.59
CD10010,3,34,7.3,7.3,2,97,4,9.07,5,28,Transferência,Sim,6.09,Aprovado,6.09
CD10011,7,31,5.3,6.7,5,113,7,7.67,8,14,Transferência,Não,6.28,Aprovado,6.28
CD10012,3,30,6.5,8.4,2,96,4,5.71,8,27,Ampla concorrência,Não,6.07,Aprovado,6.07
CD10013,3,26,8.8,8.6,3,63,3,5.13,6,11,Cotas,Sim,5.28,Reprovado,5.28
CD10014,8,32,11.2,8.5,2,47,6,8.98,8,7,Ampla concorrência,Não,7.84,Aprovado,7.84
CD10015,5,32,12.0,8.9,0,83,4,8.0,4,6,Cotas,Sim,8.16,Aprovado,8.16
CD10016,4,28,11.3,5.1,7,89,7,8.55,4,14,Transferência,Sim,6.66,Aprovado,6.66
CD10017,8,33,,8.4,5,84,6,6.52,7,18,Ampla concorrência,Não,5.22,Reprovado,5.22
CD10018,8,34,14.7,8.0,0,41,5,7.55,3,11,Transferência,Não,7.25,Aprovado,7.25
CD10019,3,21,21.3,5.9,3,54,7,8.74,8,27,Cotas,Sim,8.3,Aprovado,8.3
CD10020,6,18,9.9,8.8,8,70,4,7.31,6,5,Transferência,Não,4.83,Reprovado,4.83
CD10021,5,25,23.8,5.6,4,79,6,8.01,6,23,Ampla concorrência,Sim,8.32,Aprovado,8.32
CD10022,2,34,22.3,7.7,3,97,7,8.95,2,5,Ampla concorrência,Sim,7.97,Aprovado,7.97
CD10023,8,20,7.4,5.9,2,106,6,6.08,3,28,Cotas,Não,6.29,Aprovado,6.29
CD10024,4,32,20.5,6.7,4,62,6,5.33,6,20,Cotas,Não,6.72,Aprovado,6.72
CD10025,6,32,16.1,7.9,5,60,6,7.66,4,19,Ampla concorrência,Sim,6.66,Aprovado,6.66
CD10026,6,31,15.9,7.3,3,85,4,5.31,2,30,Ampla concorrência,Não,6.55,Aprovado,6.55
CD10027,2,31,12.2,6.7,0,65,7,8.83,0,12,Ampla concorrência,Sim,7.27,Aprovado,7.27
CD10028,8,19,14.5,6.3,2,36,3,8.6,6,4,Ampla concorrência,Não,7.33,Aprovado,7.33
CD10029,4,30,12.3,8.4,4,47,3,9.41,5,26,Cotas,Não,6.87,Aprovado,6.87
CD10030,5,31,15.3,5.6,5,71,4,8.2,6,13,Ampla concorrência,Não,7.66,Aprovado,7.66
CD10031,1,24,17.2,6.7,2,27,4,5.34,1,26,Cotas,sim,7.68,Aprovado,7.68
CD10032,4,20,18.2,8.6,3,118,6,6.27,3,5,Ampla concorrência,Não,6.49,Aprovado,6.49
CD10033,2,32,15.2,8.4,1,112,7,9.04,1,25,Ampla concorrência,Não,7.77,Aprovado,7.77
CD10034,6,31,19.1,6.6,4,73,7,5.84,7,25,Transferência,Não,6.19,Aprovado,6.19
CD10035,5,28,7.0,8.1,5,86,5,8.49,6,4,Transferência,Não,6.98,Aprovado,6.98
CD10036,4,32,8.5,8.3,2,113,5,8.9,0,11,Ampla concorrência,Não,7.35,Aprovado,7.35
CD10037,1,30,21.2,8.6,4,39,3,6.65,1,21,Cotas,Não,6.97,Aprovado,6.97
CD10038,1,35,10.8,7.2,5,58,5,6.61,1,4,Ampla concorrência,Não,6.39,Aprovado,6.39
CD10039,3,23,4.5,5.8,2,50,5,7.79,3,30,Transferência,Não,7.14,Aprovado,7.14
CD10040,3,20,7.2,6.0,2,22,3,9.31,2,21,Ampla concorrência,Não,6.08,Aprovado,6.08
CD10041,7,32,8.7,6.2,6,43,3,6.12,0,4,Transferência,Não,5.15,Reprovado,5.15
CD10042,2,22,24.1,7.4,0,109,5,9.71,1,17,Ampla concorrência,Não,9.25,Aprovado,9.25
CD10043,8,27,16.0,5.1,3,103,7,8.0,8,26,Ampla concorrência,Não,7.48,Aprovado,7.48
CD10044,4,24,23.6,7.5,3,34,5,9.96,0,23,Cotas,Não,8.59,Aprovado,8.59
CD10045,4,34,16.1,6.5,4,75,6,5.45,8,5,Transferência,Não,7.26,Aprovado,7.26
CD10046,8,24,14.1,6.2,10,109,6,5.63,6,7,Transferência,Não,6.51,Aprovado,6.51
CD10047,7,29,10.6,8.5,5,27,6,9.13,1,13,Transferência,Não,8.39,Aprovado,8.39
CD10048,6,34,16.7,6.8,4,14,4,9.32,1,29,Cotas,Não,8.44,Aprovado,8.44
CD10049,6,30,6.9,5.4,3,28,6,7.23,4,26,Ampla concorrência,Não,6.85,Aprovado,6.85
CD10050,7,21,22.9,8.3,1,51,7,8.57,4,9,Cotas,Não,8.29,Aprovado,8.29
CD10051,6,27,21.4,5.2,2,27,4,9.34,3,8,Ampla concorrência,Não,8.25,Aprovado,8.25
CD10052,3,61,10.7,7.9,4,41,4,5.22,2,16,Cotas,Sim,6.1,Aprovado,6.1
CD10053,4,26,24.0,8.1,4,30,6,7.87,3,3,Cotas,Não,8.12,Aprovado,8.12
CD10054,7,30,21.3,6.4,2,19,5,9.27,3,28,Transferência,Não,7.48,Aprovado,7.48
CD10055,4,35,18.0,8.3,1,46,3,6.99,1,19,Cotas,Não,7.64,Aprovado,7.64
CD10056,8,32,6.6,7.1,2,58,5,6.51,4,19,Ampla concorrência,Sim,6.15,Aprovado,6.15
CD10057,1,21,14.0,6.9,2,95,5,8.98,4,16,Cotas,Não,7.9,Aprovado,7.9
CD10058,3,32,14.6,5.2,1,22,4,6.68,4,12,Cotas,Não,6.69,Aprovado,6.69
CD10059,5,19,8.9,6.2,3,64,4,5.02,0,10,Ampla concorrência,Sim,5.52,Reprovado,5.52
CD10060,3,32,5.7,8.7,1,26,4,9.8,5,10,Transferência,Sim,7.48,Aprovado,7.48
CD10061,7,25,20.3,6.6,1,18,7,7.96,1,16,Ampla concorrência,Não,8.27,Aprovado,8.27
CD10062,5,25,6.6,7.2,4,97,7,9.1,6,9,Ampla concorrência,Não,6.52,Aprovado,6.52
CD10063,1,34,16.5,7.1,4,53,3,9.13,3,8,Ampla concorrência,Sim,8.66,Aprovado,8.66
CD10064,7,29,23.7,7.4,3,87,4,5.33,4,6,Cotas,Não,8.17,Aprovado,8.17
CD10065,2,27,22.4,5.2,2,55,6,5.85,4,3,Cotas,Não,6.28,Aprovado,6.28
CD10066,4,26,9.8,6.4,4,17,4,6.56,4,17,Ampla concorrência,Não,5.89,Reprovado,5.89
CD10067,1,22,21.9,7.9,4,46,7,6.6,1,27,Ampla concorrência,SIM,7.49,Aprovado,7.49
CD10068,4,23,4.0,5.8,5,28,4,8.29,4,17,Transferência,Não,6.67,Aprovado,6.67
CD10069,6,19,4.4,5.8,4,72,7,8.12,2,3,Cotas,Não,7.96,Aprovado,7.96
CD10070,2,30,16.7,5.0,1,101,4,7.47,3,22,Cotas,Sim,7.6,Aprovado,7.6
CD10071,2,23,11.7,6.7,2,55,6,6.06,1,5,Cotas,Sim,6.51,Aprovado,6.51
CD10072,1,22,12.1,8.5,1,114,3,6.91,3,25,Cotas,Não,6.16,Aprovado,6.16
CD10073,2,18,15.9,5.2,1,103,6,7.72,8,7,Ampla concorrência,Sim,6.4,Aprovado,6.4
CD10074,5,23,8.0,5.8,4,80,7,7.34,7,7,Ampla concorrência,Não,6.43,Aprovado,6.43
CD10075,2,23,8.4,6.2,2,35,5,5.64,2,6,Transferência,Sim,7.64,Aprovado,7.64
CD10076,4,33,14.2,7.9,2,113,6,8.25,0,19,Cotas,Sim,7.3,Aprovado,7.3
CD10077,4,21,19.8,7.6,3,55,4,5.37,0,23,Cotas,Não,6.41,Aprovado,6.41
CD10078,7,28,17.0,6.7,0,55,3,6.89,5,22,Ampla concorrência,Não,7.74,Aprovado,7.74
CD10079,4,26,10.2,8.0,2,84,4,8.55,2,16,Transferência,Não,5.82,Reprovado,5.82
CD10080,7,20,13.0,7.4,1,23,4,5.1,3,28,Ampla concorrência,Sim,6.55,Aprovado,6.55
CD10081,4,25,7.6,8.6,1,94,6,7.85,0,10,Cotas,Sim,7.46,Aprovado,7.46
CD10082,5,22,5.6,8.3,6,72,3,6.67,7,4,Cotas,Não,5.31,Reprovado,5.31
CD10083,8,21,20.4,6.0,1,81,5,5.04,0,10,Transferência,Não,8.02,Aprovado,8.02
CD10084,7,23,9.6,6.1,2,12,4,5.95,4,3,Ampla concorrência,Não,6.85,Aprovado,6.85
CD10085,3,19,7.7,5.5,5,37,3,9.7,5,6,Cotas,Sim,8.09,Aprovado,8.09
CD10086,6,28,18.5,6.3,2,38,5,7.61,1,21,Cotas,Não,6.64,Aprovado,6.64
CD10087,1,21,17.0,9.0,0,96,4,9.99,6,7,Transferência,Não,8.23,Aprovado,8.23
CD10088,4,32,17.3,6.6,4,27,3,,6,7,Cotas,Não,8.0,Aprovado,8.0
CD10089,2,23,8.8,5.9,5,44,6,7.72,0,23,Cotas,Não,5.57,Reprovado,5.57
CD10090,8,34,8.9,8.0,3,86,4,6.96,3,30,Ampla concorrência,Não,7.22,Aprovado,7.22
CD10091,4,23,8.6,7.2,6,85,4,6.55,3,22,Transferência,Não,6.05,Aprovado,6.05
CD10092,2,19,7.6,5.6,1,56,3,6.26,4,26,Transferência,Não,7.06,Aprovado,7.06
CD10093,6,32,17.8,6.5,1,14,4,6.72,0,21,Transferência,Não,7.51,Aprovado,7.51
CD10094,6,28,21.8,6.7,2,112,5,7.3,0,14,Ampla concorrência,Sim,8.76,Aprovado,8.76
CD10095,6,25,19.2,8.0,2,84,4,5.96,6,22,Transferência,Sim,6.26,Aprovado,6.26
CD10096,2,30,20.6,5.1,4,68,7,6.12,8,3,Cotas,Não,7.39,Aprovado,7.39
CD10097,4,29,12.5,6.1,0,84,5,6.36,0,9,Transferência,Sim,5.85,Reprovado,5.85
CD10098,6,22,17.7,7.1,1,68,3,7.25,1,19,Cotas,Sim,7.8,Aprovado,7.8
CD10099,5,23,11.4,6.1,4,120,5,8.26,5,4,Transferência,Não,7.3,Aprovado,7.3
CD10100,7,21,15.0,7.5,1,115,7,9.28,5,13,Transferência,Não,7.7,Aprovado,7.7
CD10101,2,18,14.1,6.9,3,56,7,6.44,1,9,Ampla concorrência,Não,6.27,Aprovado,6.27
CD10102,2,34,7.7,6.4,4,104,4,5.92,8,19,Transferência,Não,5.84,Reprovado,5.84
CD10103,4,29,12.1,8.8,6,104,4,6.89,3,29,Transferência,Não,6.62,Aprovado,6.62
CD10104,2,32,24.2,7.5,2,22,6,9.47,6,5,Ampla concorrência,Não,8.82,Aprovado,8.82
CD10105,2,18,9.2,5.5,2,87,5,5.05,5,24,Cotas,Não,7.44,Aprovado,7.44
CD10106,6,31,6.8,7.2,3,118,6,8.39,2,8,Transferência,Sim,7.43,Aprovado,7.43
CD10107,4,23,12.8,8.1,4,115,7,7.39,7,24,Transferência,Sim,6.51,Aprovado,6.51
CD10108,6,22,20.6,7.8,3,98,4,5.81,6,13,Cotas,Não,7.56,Aprovado,7.56
CD10109,7,28,16.2,5.7,3,42,4,6.61,8,20,Ampla concorrência,Sim,7.66,Aprovado,7.66
CD10110,8,21,18.3,8.9,3,106,4,6.12,2,20,Transferência,Sim,6.6,Aprovado,6.6
CD10111,7,30,8.0,6.8,2,71,3,9.39,0,24,Ampla concorrência,Sim,7.79,Aprovado,7.79
CD10111,7,30,8.0,6.8,2,71,3,9.39,0,24,Ampla concorrência,Sim,7.79,Aprovado,7.79
CD10112,8,28,17.0,5.6,5,88,7,7.41,1,12,Cotas,Não,6.14,Aprovado,6.14
CD10113,6,20,10.8,5.7,2,25,4,7.82,0,7,Cotas,Não,6.57,Aprovado,6.57
CD10114,7,18,21.5,5.4,1,53,7,7.97,4,25,Ampla concorrência,Não,7.03,Aprovado,7.03
CD10115,4,23,17.2,8.2,3,67,4,8.2,1,25,Cotas,Sim,7.45,Aprovado,7.45
CD10116,1,35,8.2,5.5,4,111,5,7.48,2,23,Cotas,Não,6.25,Aprovado,6.25
CD10117,6,27,5.4,5.5,2,15,7,5.09,7,26,Transferência,Sim,5.52,Reprovado,5.52
CD10118,8,22,4.9,8.4,2,117,6,6.67,4,28,Ampla concorrência,Não,6.8,Aprovado,6.8
CD10119,5,27,11.8,6.4,2,98,3,5.92,3,24,Transferência,Não,6.62,Aprovado,6.62
CD10120,8,29,9.6,5.1,3,24,6,8.4,4,17,Ampla concorrência,Não,7.61,Aprovado,7.61
CD10121,5,19,17.6,5.2,1,13,7,5.28,5,23,Transferência,Não,8.05,Aprovado,8.05
CD10122,2,30,14.5,5.6,2,65,4,7.82,6,22,Cotas,Não,8.81,Aprovado,8.81
CD10123,7,25,9.6,5.9,0,73,7,6.05,8,25,Ampla concorrência,Não,6.49,Aprovado,6.49
CD10124,5,19,7.1,7.7,2,77,3,9.74,0,6,Ampla concorrência,Não,7.7,Aprovado,7.7
CD10125,8,18,6.7,5.6,2,103,7,6.68,3,23,Ampla concorrência,Não,6.27,Aprovado,6.27
CD10126,2,22,22.2,5.5,2,43,4,6.63,8,23,Ampla concorrência,Não,8.31,Aprovado,8.31
CD10127,1,26,9.1,8.1,4,100,6,9.62,4,3,Cotas,Não,7.87,Aprovado,7.87
CD10128,4,34,17.7,7.7,2,104,5,7.09,7,17,Cotas,Não,6.92,Aprovado,6.92
CD10129,4,26,21.0,6.7,3,65,6,9.81,0,19,Cotas,Não,8.02,Aprovado,8.02
CD10130,4,28,16.9,7.2,2,41,4,5.12,3,21,Transferência,Sim,7.7,Aprovado,7.7
CD10131,5,32,22.1,6.2,5,117,4,6.53,8,16,Cotas,Não,6.94,Aprovado,6.94
CD10132,1,23,12.2,6.9,0,112,3,8.33,0,29,Transferência,Não,7.4,Aprovado,7.4
CD10133,5,20,24.1,7.0,4,18,7,9.45,0,21,Transferência,Não,8.92,Aprovado,8.92
CD10134,7,34,6.8,6.5,2,72,7,6.28,3,20,Cotas,Sim,6.15,Aprovado,6.15
CD10135,5,22,6.1,8.6,6,114,6,9.65,2,30,Cotas,Não,7.98,Aprovado,7.98
CD10136,1,29,17.8,5.1,2,81,5,7.97,6,4,Cotas,Não,8.38,Aprovado,8.38
CD10137,1,35,23.8,8.1,2,87,5,9.01,2,8,Transferência,Não,7.83,Aprovado,7.83
CD10138,7,31,21.0,5.5,1,42,3,6.99,0,15,Ampla concorrência,Não,7.29,Aprovado,7.29
CD10139,1,28,5.6,8.2,1,96,4,6.06,1,19,Cotas,Não,6.6,Aprovado,6.6
CD10140,8,26,9.9,7.5,2,30,3,9.56,3,8,Transferência,Não,7.46,Aprovado,7.46
CD10141,1,19,23.5,8.4,1,64,7,9.67,0,23,Transferência,Sim,7.34,Aprovado,7.34
CD10142,4,29,9.3,5.4,5,85,4,7.49,0,24,Cotas,Não,5.91,Reprovado,5.91
CD10143,8,20,20.4,7.2,3,66,3,5.03,7,7,Transferência,Não,7.06,Aprovado,7.06
CD10144,8,20,21.3,7.0,2,11,6,5.55,6,9,Cotas,Não,7.83,Aprovado,7.83
CD10145,7,18,14.4,7.8,3,22,7,7.87,7,3,Transferência,Não,7.91,Aprovado,7.91
CD10146,3,25,12.1,7.1,2,13,5,5.12,3,15,Ampla concorrência,Não,7.72,Aprovado,7.72
CD10147,3,25,13.5,7.2,2,93,3,6.98,5,21,Transferência,Não,6.53,Aprovado,6.53
CD10148,1,28,8.8,6.7,1,59,7,6.52,2,24,Cotas,Não,6.13,Aprovado,6.13
CD10149,8,26,22.7,6.2,7,57,7,8.57,7,3,Ampla concorrência,Não,7.81,Aprovado,7.81
CD10150,3,22,13.5,6.9,2,87,5,5.28,3,15,Cotas,Não,5.33,Reprovado,5.33
CD10151,3,31,22.5,5.5,4,39,5,7.44,2,13,Transferência,Não,7.71,Aprovado,7.71
CD10152,1,20,6.2,8.8,6,38,5,7.9,3,29,Ampla concorrência,Não,6.25,Aprovado,6.25
CD10153,3,22,24.8,7.9,3,17,3,8.09,5,9,Ampla concorrência,Sim,8.73,Aprovado,8.73
CD10154,5,22,13.3,8.8,1,21,5,7.03,6,22,Transferência,Não,7.77,Aprovado,7.77
CD10155,2,31,5.0,5.9,2,50,6,6.52,6,5,Ampla concorrência,Não,6.45,Aprovado,6.45
CD10156,7,21,4.8,8.5,1,111,7,8.41,3,28,Ampla concorrência,Sim,6.83,Aprovado,6.83
CD10157,2,30,19.7,8.2,0,35,5,9.24,7,27,Ampla concorrência,Não,8.6,Aprovado,8.6
CD10158,1,27,17.8,7.7,1,59,7,8.47,6,3,Cotas,Não,7.33,Aprovado,7.33
CD10159,4,35,20.8,7.5,4,11,4,9.66,1,10,Cotas,Não,8.18,Aprovado,8.18
CD10160,7,25,6.2,6.3,4,64,4,8.59,7,19,Ampla concorrência,Não,6.76,Aprovado,6.76
CD10161,1,25,4.7,8.3,6,113,5,8.82,8,15,Transferência,Não,6.49,Aprovado,6.49
CD10162,8,24,14.7,7.0,1,65,7,5.84,4,16,Transferência,Não,6.73,Aprovado,6.73
CD10163,4,25,12.1,5.3,5,23,4,7.1,3,7,Cotas,Não,6.26,Aprovado,6.26
CD10164,2,31,13.7,6.3,7,15,5,7.43,3,28,Transferência,Não,6.05,Aprovado,6.05
CD10165,1,23,24.8,8.7,2,115,7,6.28,3,26,Ampla concorrência,Não,7.56,Aprovado,7.56
CD10166,8,18,24.4,8.4,2,113,5,7.64,5,24,Transferência,Não,8.5,Aprovado,8.5
CD10167,7,32,23.8,8.9,1,104,7,6.45,3,25,Cotas,Não,6.54,Aprovado,6.54
CD10168,7,18,20.5,7.5,3,90,4,8.44,6,29,Cotas,Sim,7.58,Aprovado,7.58
CD10169,6,34,11.5,6.0,4,98,5,7.35,6,26,Ampla concorrência,Sim,8.25,Aprovado,8.25
CD10170,8,18,12.7,5.7,3,70,4,7.29,4,8,Cotas,Não,6.83,Aprovado,6.83
CD10171,5,32,15.5,5.7,2,105,5,9.92,4,29,Cotas,Sim,8.16,Aprovado,8.16
CD10172,3,19,21.4,5.1,2,21,3,6.96,7,24,Cotas,Não,8.93,Aprovado,8.93
CD10173,4,31,5.4,6.6,2,22,4,6.81,6,29,Transferência,Não,6.54,Aprovado,6.54
CD10174,8,25,12.9,5.8,4,28,4,6.59,6,8,Cotas,Sim,6.93,Aprovado,6.93
CD10175,6,25,5.7,6.6,6,53,6,9.47,5,23,Transferência,Sim,6.18,Aprovado,6.18
CD10176,3,24,14.8,8.7,1,98,4,7.48,6,10,Cotas,Não,7.57,Aprovado,7.57
CD10177,3,23,22.9,6.7,5,104,7,8.0,6,15,Cotas,Não,7.82,Aprovado,7.82
CD10178,1,23,20.4,8.5,0,68,5,5.9,1,20,Transferência,Não,8.05,Aprovado,8.05
CD10179,3,20,8.8,7.4,4,46,3,7.7,1,25,Transferência,Não,7.59,Aprovado,7.59
CD10180,5,24,24.5,6.0,4,34,7,6.37,6,6,Ampla concorrência,Sim,7.57,Aprovado,7.57
CD10181,7,25,18.0,6.4,5,25,7,8.65,6,19,Ampla concorrência,Sim,7.9,Aprovado,7.9
CD10182,6,27,4.2,5.3,1,47,7,9.16,6,7,Transferência,Não,5.68,Reprovado,5.68
CD10183,3,32,9.4,6.3,5,52,7,8.57,4,5,Cotas,Não,5.36,Reprovado,5.36
CD10184,1,32,9.5,7.7,2,96,3,8.65,0,6,Ampla concorrência,Não,7.96,Aprovado,7.96
CD10185,5,18,5.5,5.3,2,23,6,7.56,1,25,Transferência,Não,4.8,Reprovado,4.8
CD10186,2,24,24.2,5.8,6,15,4,8.56,8,7,Transferência,Não,8.25,Aprovado,8.25
CD10187,7,21,14.0,6.5,1,98,7,7.11,7,16,Cotas,Sim,7.05,Aprovado,7.05
CD10188,7,23,22.8,8.9,3,32,4,8.26,7,17,Transferência,Sim,8.92,Aprovado,8.92
CD10189,6,18,10.8,8.1,5,69,4,6.3,0,22,Ampla concorrência,Não,6.33,Aprovado,6.33
CD10190,7,22,6.6,7.9,3,116,7,5.35,5,19,Cotas,Não,7.15,Aprovado,7.15
CD10191,3,18,14.0,5.5,0,21,6,7.07,8,8,Transferência,Sim,7.1,Aprovado,7.1
CD10192,1,21,6.4,8.1,4,22,4,7.31,7,29,Transferência,Não,7.19,Aprovado,7.19
CD10193,7,19,14.2,8.1,2,109,5,6.28,2,12,Cotas,Não,5.81,Reprovado,5.81
CD10194,7,27,23.3,7.4,1,112,4,8.64,3,24,Cotas,Não,6.76,Aprovado,6.76
CD10195,2,22,14.9,9.0,6,107,7,5.37,2,25,Cotas,Sim,6.3,Aprovado,6.3
CD10196,2,27,16.9,6.3,5,15,3,6.11,5,18,Ampla concorrência,Não,5.8,Reprovado,5.8
CD10197,4,18,7.3,8.8,4,72,4,8.74,8,19,Ampla concorrência,Não,6.84,Aprovado,6.84
CD10198,5,23,4.9,8.7,1,47,6,7.19,7,16,Transferência,Sim,6.18,Aprovado,6.18
CD10199,3,30,6.3,5.0,2,59,5,8.53,3,22,Transferência,Não,7.33,Aprovado,7.33
CD10200,7,32,16.6,6.8,2,61,5,7.84,1,14,Cotas,Não,6.77,Aprovado,6.77
CD10201,8,21,6.0,8.9,2,49,3,9.75,7,11,Transferência,Não,7.54,Aprovado,7.54
CD10202,7,30,11.9,5.4,2,17,3,7.99,7,17,Transferência,Não,7.79,Aprovado,7.79
CD10203,1,32,15.6,7.2,0,70,4,5.07,5,14,Cotas,Sim,6.63,Aprovado,6.63
CD10204,4,25,12.2,8.9,8,17,7,6.76,7,16,Ampla concorrência,Não,6.7,Aprovado,6.7
CD10205,5,22,7.4,7.2,4,113,6,5.72,8,28,Ampla concorrência,Não,5.3,Reprovado,5.3
CD10206,8,32,9.7,5.8,2,106,5,9.62,0,24,Ampla concorrência,Não,7.23,Aprovado,7.23
CD10207,4,21,23.5,7.3,3,43,3,5.52,8,20,Transferência,Não,6.36,Aprovado,6.36
CD10208,6,29,18.2,5.8,4,117,6,6.94,1,22,Cotas,Sim,8.86,Aprovado,8.86
CD10209,5,30,14.4,7.1,3,88,7,6.13,0,8,Ampla concorrência,Não,7.61,Aprovado,7.61
CD10210,7,19,4.3,5.3,5,109,5,9.23,7,6,Transferência,Sim,7.88,Aprovado,7.88
CD10211,7,21,24.8,7.4,6,69,5,6.54,7,28,Cotas,Sim,8.32,Aprovado,8.32
CD10212,5,21,18.1,7.1,9,66,7,9.96,3,25,Ampla concorrência,Não,7.25,Aprovado,7.25
CD10213,7,28,10.7,8.0,4,108,5,5.19,7,14,Ampla concorrência,Não,5.02,Reprovado,5.02
CD10214,3,22,22.5,7.5,5,55,7,5.64,6,15,Cotas,Sim,6.8,Aprovado,6.8
CD10215,5,28,9.4,7.2,3,31,5,6.12,1,21,Transferência,Não,6.68,Aprovado,6.68
CD10216,4,27,15.4,7.8,2,96,4,9.06,4,24,Transferência,Não,7.59,Aprovado,7.59
CD10217,5,25,17.4,5.6,1,49,7,9.39,3,15,Ampla concorrência,Não,6.56,Aprovado,6.56
CD10218,8,23,8.6,7.4,3,54,6,5.36,2,14,Cotas,Não,6.58,Aprovado,6.58
CD10219,7,23,24.5,5.7,2,64,4,5.16,0,22,Transferência,Sim,6.23,Aprovado,6.23
CD10220,3,25,19.7,8.7,3,60,6,8.72,4,5,Cotas,Sim,7.66,Aprovado,7.66
CD10221,3,32,15.7,5.3,3,95,5,5.67,7,30,Cotas,Não,7.94,Aprovado,7.94
CD10222,6,31,7.8,6.7,4,14,6,5.66,8,5,Ampla concorrência,Sim,6.04,Aprovado,6.04
CD10223,4,28,5.1,7.8,1,104,4,5.11,6,16,Cotas,Sim,6.61,Aprovado,6.61
CD10224,2,29,,6.8,4,22,7,5.25,0,20,Cotas,Não,6.35,Aprovado,6.35
CD10225,2,30,19.8,5.4,2,37,3,6.32,0,29,Cotas,Não,6.61,Aprovado,6.61
CD10226,5,25,9.7,7.2,3,93,6,5.33,0,21,Transferência,Não,6.65,Aprovado,6.65
CD10227,6,35,15.3,7.6,2,106,3,6.84,1,30,Ampla concorrência,Sim,7.07,Aprovado,7.07
CD10228,1,18,19.3,7.8,2,89,6,9.16,0,12,Ampla concorrência,Não,7.09,Aprovado,7.09
CD10229,5,32,6.3,6.5,4,71,6,6.63,3,19,Cotas,Não,5.02,Reprovado,5.02
CD10230,6,25,18.4,7.3,4,102,7,8.64,8,17,Cotas,Sim,8.01,Aprovado,8.01
CD10231,4,28,5.9,6.8,7,96,5,5.47,3,21,Transferência,Não,7.05,Aprovado,7.05
CD10232,4,29,24.3,7.7,0,33,4,8.3,3,11,Ampla concorrência,Sim,7.68,Aprovado,7.68
CD10233,4,29,14.3,7.3,2,107,4,6.58,6,6,Transferência,Não,6.29,Aprovado,6.29
CD10234,4,21,7.2,7.1,1,16,4,8.75,8,17,Ampla concorrência,Não,7.4,Aprovado,7.4
CD10235,4,33,11.2,6.0,5,47,5,5.68,6,21,Transferência,Não,5.28,Reprovado,5.28
CD10236,6,21,12.7,5.0,2,46,3,9.49,0,18,Cotas,Sim,9.35,Aprovado,9.35
CD10237,6,22,19.9,5.7,0,77,4,6.21,0,10,Transferência,Sim,6.85,Aprovado,6.85
CD10238,3,22,19.6,5.5,1,107,3,6.77,3,19,Cotas,Não,7.17,Aprovado,7.17
CD10239,8,25,16.9,6.8,4,51,5,9.75,3,23,Ampla concorrência,Não,7.39,Aprovado,7.39
CD10240,2,27,6.2,7.4,6,95,5,7.89,0,3,Ampla concorrência,Sim,7.04,Aprovado,7.04
CD10241,7,34,7.2,5.9,1,14,7,6.83,5,9,Cotas,Sim,8.06,Aprovado,8.06
CD10242,4,26,6.0,8.8,2,73,4,9.75,1,23,Ampla concorrência,Não,6.75,Aprovado,6.75
CD10243,1,31,16.1,5.0,4,59,7,6.65,4,20,Transferência,Não,7.57,Aprovado,7.57
CD10244,7,25,22.4,8.1,5,115,4,5.47,7,14,Cotas,Sim,6.12,Aprovado,6.12
CD10245,6,26,13.1,7.5,2,96,5,9.98,2,18,Ampla concorrência,Não,8.55,Aprovado,8.55
CD10246,1,28,7.4,6.5,3,24,5,6.34,8,3,Transferência,Não,7.48,Aprovado,7.48
CD10247,1,18,15.7,5.2,4,104,6,9.26,6,29,Transferência,Não,8.73,Aprovado,8.73
CD10248,1,31,21.0,7.5,4,82,6,5.83,8,17,Ampla concorrência,Não,7.2,Aprovado,7.2
CD10249,3,22,19.6,6.5,2,116,5,8.66,0,9,Ampla concorrência,Não,7.28,Aprovado,7.28
CD10250,6,31,22.5,8.7,6,62,5,7.62,4,30,Transferência,Sim,7.61,Aprovado,7.61
CD10251,1,21,9.8,7.2,3,34,3,9.9,2,19,Cotas,Sim,7.3,Aprovado,7.3
CD10252,4,18,8.1,8.8,1,98,3,7.76,3,5,Ampla concorrência,Não,6.58,Aprovado,6.58
CD10253,5,25,22.5,5.9,4,94,7,5.13,3,13,Ampla concorrência,Não,7.16,Aprovado,7.16
CD10254,1,32,17.8,7.9,1,18,6,8.02,6,8,Cotas,Não,7.7,Aprovado,7.7
CD10255,3,32,10.5,7.5,4,47,6,5.73,7,8,Cotas,Não,6.73,Aprovado,6.73
CD10256,7,26,19.6,8.0,2,31,5,8.99,4,17,Ampla concorrência,Não,8.61,Aprovado,8.61
CD10257,6,26,21.1,5.9,2,116,5,9.28,6,9,Cotas,Sim,8.27,Aprovado,8.27
CD10258,8,27,16.9,7.7,2,96,7,7.41,2,13,Transferência,Não,7.72,Aprovado,7.72
CD10259,3,26,18.4,7.0,3,58,6,8.92,2,29,Transferência,Não,8.83,Aprovado,8.83
CD10260,1,20,11.9,8.0,6,77,3,5.73,2,19,Transferência,Sim,5.82,Reprovado,5.82
CD10261,6,28,15.3,6.3,2,102,4,7.46,3,25,Ampla concorrência,Não,7.31,Aprovado,7.31
CD10262,5,23,15.0,8.6,4,24,7,6.97,5,20,Cotas,Não,6.25,Aprovado,6.25
CD10263,1,19,21.8,5.3,1,74,4,8.06,4,24,Transferência,Não,8.42,Aprovado,8.42
CD10264,3,24,21.6,8.2,0,63,3,5.22,7,26,Cotas,Sim,7.43,Aprovado,7.43
CD10265,2,35,21.5,8.4,1,39,3,8.76,4,23,Transferência,Sim,8.59,Aprovado,8.59
CD10266,4,19,4.2,8.3,3,102,4,5.4,4,28,Cotas,Não,5.02,Reprovado,5.02
CD10267,8,34,19.7,7.1,3,29,7,8.28,1,21,Transferência,Não,8.36,Aprovado,8.36
CD10268,7,28,19.9,6.8,3,42,4,5.09,4,29,Transferência,Sim,6.95,Aprovado,6.95
CD10269,3,29,18.2,9.0,4,114,7,9.16,6,10,Transferência,Não,8.6,Aprovado,8.6
CD10270,6,24,19.9,5.9,4,117,7,5.87,1,26,Transferência,Não,6.73,Aprovado,6.73
CD10271,8,23,21.7,7.2,3,109,5,7.58,5,22,Transferência,Não,8.25,Aprovado,8.25
CD10272,8,18,13.9,7.7,4,95,6,6.31,6,10,Transferência,Não,7.0,Aprovado,7.0
CD10273,8,34,14.5,7.8,3,86,6,8.61,4,23,Transferência,Não,8.57,Aprovado,8.57
CD10274,1,28,6.6,5.8,5,16,3,6.61,8,13,Transferência,Sim,6.03,Aprovado,6.03
CD10275,4,35,12.1,7.6,4,17,5,8.62,3,23,Transferência,Não,6.85,Aprovado,6.85
CD10276,1,34,17.5,8.3,1,37,6,6.42,0,5,Cotas,Não,6.9,Aprovado,6.9
CD10277,6,24,20.4,5.2,1,54,7,8.76,7,25,Cotas,Sim,7.4,Aprovado,7.4
CD10278,1,34,8.6,8.6,1,116,7,5.15,7,29,Ampla concorrência,Não,5.8,Reprovado,5.8
CD10279,2,26,6.9,5.1,2,82,4,6.42,6,16,Transferência,Não,4.68,Reprovado,4.68
CD10280,4,34,17.9,6.4,2,98,4,7.49,7,29,Cotas,Não,8.48,Aprovado,8.48
CD10281,4,25,4.0,5.1,4,89,7,5.23,1,11,Cotas,Não,6.92,Aprovado,6.92
CD10282,6,34,7.7,5.3,2,83,7,5.93,2,27,Cotas,Não,6.13,Aprovado,6.13
CD10283,7,24,4.6,8.6,3,20,4,9.67,8,3,Cotas,Não,7.34,Aprovado,7.34
CD10284,2,18,7.5,6.4,4,40,6,9.88,0,3,Cotas,Sim,7.36,Aprovado,7.36
CD10285,3,30,7.8,6.7,4,21,3,8.7,7,28,Cotas,Não,5.99,Reprovado,5.99
CD10286,1,34,12.1,5.9,4,104,4,6.26,7,30,Ampla concorrência,Não,7.24,Aprovado,7.24
CD10287,5,30,12.4,7.4,5,87,6,6.3,6,14,Cotas,Sim,7.3,Aprovado,7.3
CD10288,1,33,22.4,7.4,3,60,6,8.23,4,13,Ampla concorrência,Não,7.29,Aprovado,7.29
CD10289,8,25,14.7,6.5,6,53,6,5.59,3,23,Ampla concorrência,Não,6.6,Aprovado,6.6
CD10290,1,35,19.2,6.3,2,105,5,9.74,5,3,Transferência,Não,8.11,Aprovado,8.11
CD10291,3,18,6.2,8.5,4,59,5,6.12,0,22,Transferência,Sim,6.84,Aprovado,6.84
CD10292,1,31,8.7,6.5,3,26,6,10.0,4,14,Transferência,Não,7.4,Aprovado,7.4
CD10293,2,32,18.8,7.0,2,44,7,7.48,3,19,Cotas,Sim,7.55,Aprovado,7.55
CD10294,2,35,5.1,6.1,5,10,5,8.86,3,17,Transferência,Não,7.94,Aprovado,7.94
CD10295,4,19,14.2,8.1,2,38,4,5.01,6,4,Cotas,Não,5.58,Reprovado,5.58
CD10296,6,34,16.6,6.6,1,60,5,9.44,8,20,Cotas,Não,8.25,Aprovado,8.25
CD10297,7,35,16.6,7.1,2,73,7,6.35,7,18,Transferência,Não,7.14,Aprovado,7.14
CD10298,5,23,4.5,6.0,2,13,3,8.34,7,6,Transferência,Sim,6.28,Aprovado,6.28
CD10299,8,21,10.8,9.0,6,96,5,9.03,4,10,Ampla concorrência,Não,8.52,Aprovado,8.52
CD10300,1,18,17.4,6.2,2,37,6,5.82,5,4,Ampla concorrência,Não,7.21,Aprovado,7.21
CD10301,1,25,7.1,8.1,-2,25,6,7.21,1,16,Cotas,Não,6.96,Aprovado,6.96
CD10302,3,24,18.6,6.7,3,72,6,7.47,2,27,Cotas,Não,8.06,Aprovado,8.06
CD10303,6,20,19.7,5.8,4,85,3,6.56,4,17,Transferência,Sim,7.0,Aprovado,7.0
CD10304,2,27,24.6,8.2,2,62,7,7.41,1,30,Transferência,Sim,8.9,Aprovado,8.9
CD10305,5,27,8.4,6.3,2,94,4,6.59,2,11,Ampla concorrência,Sim,7.22,Aprovado,7.22
CD10306,4,31,21.3,8.5,3,118,7,6.8,3,4,Transferência,Não,7.42,Aprovado,7.42
CD10307,2,19,14.9,8.7,4,26,3,8.35,5,19,Cotas,Sim,8.03,Aprovado,8.03
CD10308,8,18,11.8,8.4,5,49,6,8.16,4,28,Transferência,Sim,7.86,Aprovado,7.86
CD10309,6,35,6.6,5.1,6,22,7,6.16,3,12,Ampla concorrência,Não,6.45,Aprovado,6.45
CD10310,8,24,19.4,8.1,0,61,4,9.49,1,11,Cotas,Não,7.81,Aprovado,7.81
CD10311,7,25,9.0,6.6,3,67,6,9.31,4,4,Ampla concorrência,Não,7.21,Aprovado,7.21
CD10312,4,18,11.8,8.5,2,105,4,7.55,4,26,Ampla concorrência,Não,7.38,Aprovado,7.38
CD10313,7,20,5.3,7.6,5,46,5,7.17,6,21,Cotas,Não,6.35,Aprovado,6.35
CD10314,3,25,20.8,8.3,4,88,4,6.88,0,19,Ampla concorrência,Não,6.89,Aprovado,6.89
CD10315,8,32,20.1,7.0,1,85,6,8.54,3,13,Transferência,Não,7.89,Aprovado,7.89
CD10316,3,22,19.4,7.1,1,70,5,8.36,4,19,Transferência,Não,8.23,Aprovado,8.23
CD10317,1,20,10.3,5.6,2,88,6,5.98,7,12,Ampla concorrência,Sim,5.4,Reprovado,5.4
CD10318,7,18,7.6,8.1,2,43,6,8.36,7,20,Transferência,Sim,6.97,Aprovado,6.97
CD10319,6,32,17.4,6.7,2,79,5,6.26,0,25,Ampla concorrência,Sim,7.6,Aprovado,7.6
CD10320,8,25,14.4,7.0,3,26,4,5.09,4,30,Transferência,Não,6.64,Aprovado,6.64
CD10321,5,19,7.7,8.1,0,29,3,8.5,0,8,Ampla concorrência,Não,6.57,Aprovado,6.57
CD10322,4,20,18.4,7.4,0,82,3,8.22,0,18,Transferência,Não,7.46,Aprovado,7.46
CD10323,2,31,24.8,5.8,3,68,3,7.05,1,30,Cotas,Sim,8.9,Aprovado,8.9
CD10324,6,31,19.7,7.4,2,78,3,7.63,1,29,Cotas,Não,7.05,Aprovado,7.05
CD10325,6,28,19.5,6.6,5,96,7,9.74,8,20,Transferência,Não,8.91,Aprovado,8.91
CD10326,3,33,24.0,6.9,4,42,3,7.98,3,22,Ampla concorrência,Não,7.56,Aprovado,7.56
CD10327,7,21,8.3,5.1,1,111,5,8.29,2,20,Transferência,Sim,7.86,Aprovado,7.86
CD10328,8,22,15.9,5.8,4,87,3,5.32,0,3,Ampla concorrência,Sim,6.93,Aprovado,6.93
CD10329,8,31,24.6,6.1,6,26,6,5.83,1,30,Transferência,Não,6.99,Aprovado,6.99
CD10330,1,33,7.5,7.9,2,66,3,6.5,5,5,Transferência,Não,5.15,Reprovado,5.15
CD10331,1,35,18.7,5.0,1,92,4,7.7,8,17,Cotas,Sim,8.0,Aprovado,8.0
CD10332,4,24,16.3,6.6,4,106,5,8.88,4,22,Ampla concorrência,Sim,7.78,Aprovado,7.78
CD10333,3,27,16.3,8.7,6,10,5,6.61,3,12,Ampla concorrência,Não,7.1,Aprovado,7.1
CD10334,6,24,18.7,5.4,2,22,7,6.78,4,23,Ampla concorrência,Não,7.75,Aprovado,7.75
CD10335,8,18,23.5,7.1,5,119,6,6.28,8,7,Ampla concorrência,Sim,6.44,Aprovado,6.44
CD10336,5,33,20.4,8.1,2,36,5,6.27,6,17,Ampla concorrência,Não,7.63,Aprovado,7.63
CD10337,3,21,5.2,8.8,1,79,4,9.74,7,25,Cotas,Não,7.78,Aprovado,7.78
CD10338,4,35,21.9,8.0,1,68,3,8.18,3,16,Transferência,Não,8.64,Aprovado,8.64
CD10339,4,19,8.7,7.9,1,15,5,5.78,7,17,Ampla concorrência,Não,5.47,Reprovado,5.47
CD10340,3,18,11.9,8.3,1,106,4,8.61,5,12,Ampla concorrência,Não,8.26,Aprovado,8.26
CD10341,4,32,13.7,6.8,2,103,3,8.61,4,26,Transferência,Não,7.82,Aprovado,7.82
CD10342,3,22,14.1,8.2,2,119,7,8.33,6,11,Cotas,Não,7.86,Aprovado,7.86
CD10343,2,28,13.1,5.0,1,108,5,5.67,5,14,Cotas,Não,6.04,Aprovado,6.04
CD10344,3,27,23.7,8.7,1,32,5,7.04,2,9,Cotas,Não,8.46,Aprovado,8.46
CD10345,7,19,18.8,6.8,3,19,4,5.53,4,7,Transferência,Não,5.72,Reprovado,5.72
CD10346,3,20,17.3,7.2,3,60,6,9.08,8,27,Transferência,Não,7.27,Aprovado,7.27
CD10347,4,29,5.0,6.0,1,28,7,8.28,6,26,Cotas,Sim,7.69,Aprovado,7.69
CD10348,8,22,23.0,8.0,3,60,6,7.54,3,12,Cotas,Não,8.36,Aprovado,8.36
CD10349,7,22,23.1,5.3,4,101,5,6.72,6,27,Transferência,Não,7.75,Aprovado,7.75
CD10350,4,23,20.4,8.5,3,96,6,5.92,4,28,Cotas,Não,7.83,Aprovado,7.83
CD10351,1,26,4.1,8.3,3,77,3,5.53,1,10,Ampla concorrência,Não,6.46,Aprovado,6.46
CD10352,1,19,5.2,5.9,5,93,7,9.85,5,24,Transferência,Sim,7.5,Aprovado,7.5
CD10353,8,29,8.7,8.2,2,92,6,6.0,6,22,Cotas,Não,6.18,Aprovado,6.18
CD10354,8,20,6.8,8.1,1,51,3,5.3,7,27,Ampla concorrência,Não,5.44,Reprovado,5.44
CD10355,7,29,12.4,7.5,1,100,4,9.81,5,18,Transferência,Não,7.39,Aprovado,7.39
CD10356,2,34,23.4,6.5,3,66,6,7.74,7,14,Transferência,Não,8.94,Aprovado,8.94
CD10357,8,27,13.9,6.1,2,107,7,8.98,6,11,Ampla concorrência,Sim,6.75,Aprovado,6.75
CD10358,1,31,4.3,5.9,6,77,3,5.22,1,12,Transferência,Não,5.77,Reprovado,5.77
CD10359,3,34,9.9,6.3,0,47,6,7.83,5,18,Cotas,Não,7.49,Aprovado,7.49
CD10360,4,35,4.9,8.6,3,71,4,6.99,8,12,Transferência,Não,7.28,Aprovado,7.28
CD10361,1,34,4.8,5.3,4,16,6,8.86,5,11,Cotas,Não,7.06,Aprovado,7.06
CD10362,1,31,9.8,8.3,5,80,3,5.19,3,28,Ampla concorrência,Não,5.64,Reprovado,5.64
CD10363,2,26,9.8,6.4,1,59,6,7.01,6,5,Ampla concorrência,Não,6.52,Aprovado,6.52
CD10364,7,25,20.5,7.1,2,61,7,9.0,2,29,Transferência,Sim,8.18,Aprovado,8.18
CD10365,7,19,24.5,8.2,2,35,5,7.61,4,30,Ampla concorrência,Não,8.88,Aprovado,8.88
CD10366,6,30,11.8,8.5,2,35,3,7.75,0,21,Ampla concorrência,Não,7.67,Aprovado,7.67
CD10367,2,24,13.0,6.4,4,28,3,5.49,2,13,Transferência,Não,5.61,Reprovado,5.61
CD10368,3,26,21.7,6.8,3,18,3,5.66,7,8,Cotas,Não,7.39,Aprovado,7.39
CD10369,7,28,9.6,6.7,2,70,3,8.38,8,8,Transferência,Não,7.7,Aprovado,7.7
CD10370,4,31,7.3,5.1,1,29,6,8.38,8,17,Transferência,Não,6.85,Aprovado,6.85
CD10371,8,21,21.9,6.2,2,115,7,9.9,1,17,Cotas,Não,7.05,Aprovado,7.05
CD10372,2,30,5.0,6.8,4,118,4,8.56,3,15,Cotas,Não,6.51,Aprovado,6.51
CD10373,8,19,17.0,6.6,3,59,7,7.47,4,24,Cotas,Sim,6.32,Aprovado,6.32
CD10374,1,22,15.8,7.9,4,89,3,9.29,2,7,Transferência,Não,6.58,Aprovado,6.58
CD10375,4,28,11.3,6.5,2,90,6,5.52,0,16,Cotas,Não,7.15,Aprovado,7.15
CD10376,4,23,10.6,7.0,3,31,6,7.25,5,23,Ampla concorrência,Não,8.55,Aprovado,8.55
CD10377,1,35,20.2,6.7,0,22,3,6.44,1,4,Cotas,Não,8.5,Aprovado,8.5
CD10378,2,27,5.8,8.0,3,21,6,5.52,8,25,Ampla concorrência,Não,4.05,Reprovado,4.05
CD10379,1,21,9.0,8.5,3,19,3,8.82,0,14,Cotas,Não,7.0,Aprovado,7.0
CD10380,8,26,19.4,7.1,3,74,7,7.55,8,22,Ampla concorrência,Sim,7.16,Aprovado,7.16
CD10381,6,23,15.5,8.2,1,105,5,7.78,6,16,Ampla concorrência,Não,6.46,Aprovado,6.46
CD10382,4,19,6.7,6.2,3,39,6,7.06,1,21,Ampla concorrência,Não,6.74,Aprovado,6.74
CD10383,5,34,22.5,7.2,1,17,3,7.3,5,26,Ampla concorrência,Sim,7.78,Aprovado,7.78
CD10384,5,22,12.3,6.4,4,30,3,5.58,7,22,Ampla concorrência,Não,5.52,Reprovado,5.52
CD10385,8,23,21.4,6.7,0,31,6,8.36,1,17,Cotas,Não,6.78,Aprovado,6.78
CD10386,3,29,20.5,7.9,4,27,4,7.16,4,29,Transferência,Não,7.04,Aprovado,7.04
CD10387,7,27,17.1,8.5,3,75,3,9.08,5,22,Transferência,Não,7.86,Aprovado,7.86
CD10388,1,23,14.4,5.5,2,57,6,5.98,2,26,Transferência,Não,6.7,Aprovado,6.7
CD10389,1,25,24.6,7.5,2,53,3,6.03,1,19,Transferência,Não,8.36,Aprovado,8.36
CD10390,3,19,7.0,7.3,4,18,4,8.23,5,27,Transferência,Não,6.95,Aprovado,6.95
CD10391,3,29,19.2,5.5,3,76,5,9.23,2,16,Ampla concorrência,Sim,7.82,Aprovado,7.82
CD10392,8,30,8.0,5.8,3,63,4,7.36,1,25,Cotas,Sim,6.04,Aprovado,6.04
CD10393,8,24,11.1,6.2,3,35,7,8.63,0,30,Ampla concorrência,Sim,6.0,Aprovado,6.0
CD10394,3,27,10.5,5.7,7,94,6,10.0,7,20,Cotas,Sim,6.52,Aprovado,6.52
CD10395,4,30,23.9,6.0,6,103,4,9.95,0,29,Cotas,Sim,9.37,Aprovado,9.37
CD10396,8,34,24.3,6.1,2,101,5,8.72,4,30,Cotas,Sim,9.01,Aprovado,9.01
CD10397,6,31,7.8,6.3,0,109,3,8.7,5,24,Cotas,Sim,7.44,Aprovado,7.44
CD10398,8,19,4.5,8.0,3,35,6,6.24,2,26,Transferência,Não,5.65,Reprovado,5.65
CD10399,1,28,19.1,7.3,4,43,4,9.17,6,29,Cotas,Não,8.83,Aprovado,8.83
CD10400,8,18,12.8,8.9,1,17,5,7.03,1,7,Cotas,Não,6.35,Aprovado,6.35
CD10401,4,21,5.9,6.7,1,19,4,9.81,6,24,Transferência,Sim,6.64,Aprovado,6.64
CD10402,3,28,18.4,8.0,6,57,7,,1,14,Ampla concorrência,Não,6.55,Aprovado,6.55
CD10403,1,25,15.4,8.5,8,64,6,7.18,4,12,Ampla concorrência,Não,5.22,Reprovado,5.22
CD10404,8,28,24.6,7.7,1,116,3,7.78,6,10,Ampla concorrência,Sim,7.49,Aprovado,7.49
CD10405,4,21,8.8,6.6,2,63,5,7.03,2,8,Ampla concorrência,Não,6.49,Aprovado,6.49
CD10406,6,34,12.5,8.0,4,87,4,6.05,3,30,Cotas,Não,6.17,Aprovado,6.17
CD10407,8,24,15.4,5.8,4,49,6,7.96,0,27,Transferência,Não,6.61,Aprovado,6.61
CD10408,4,25,20.6,6.3,4,24,4,8.78,2,17,Transferência,Não,9.39,Aprovado,9.39
CD10409,6,20,15.5,7.2,2,90,6,8.22,8,14,Ampla concorrência,Não,8.5,Aprovado,8.5
CD10410,3,19,16.9,7.3,5,27,7,6.17,4,27,Transferência,Não,8.0,Aprovado,8.0
CD10411,8,32,8.7,5.1,5,105,4,8.66,7,27,Cotas,Sim,6.82,Aprovado,6.82
CD10412,6,22,21.8,8.8,2,111,7,6.28,1,8,Ampla concorrência,não,7.13,Aprovado,7.13
CD10413,1,18,13.0,7.8,2,32,5,5.88,2,14,Cotas,Não,7.77,Aprovado,7.77
CD10414,3,21,7.0,7.0,6,71,7,8.45,6,17,Cotas,Sim,6.67,Aprovado,6.67
CD10415,1,32,17.9,8.7,7,55,6,9.21,3,14,Cotas,Sim,6.89,Aprovado,6.89
CD10416,5,20,8.5,6.8,2,96,5,7.41,8,11,Cotas,Não,6.05,Aprovado,6.05
CD10417,2,28,6.0,8.9,3,108,4,7.66,6,21,Cotas,Não,6.31,Aprovado,6.31
CD10418,8,34,22.1,7.0,2,48,4,6.51,0,23,Ampla concorrência,Sim,7.55,Aprovado,7.55
CD10419,6,30,13.7,5.5,6,24,6,7.47,3,4,Cotas,Sim,6.91,Aprovado,6.91
CD10420,2,28,19.7,8.1,1,62,3,5.66,5,30,Ampla concorrência,Não,7.07,Aprovado,7.07
CD10421,2,19,10.1,7.7,4,97,3,9.78,5,15,Transferência,Não,9.06,Aprovado,9.06
CD10422,6,26,20.5,8.1,1,73,4,9.0,5,15,Cotas,Sim,7.31,Aprovado,7.31
CD10423,3,19,6.4,8.8,1,72,6,8.34,4,10,Cotas,Não,7.4,Aprovado,7.4
CD10424,8,26,11.5,8.1,3,101,3,7.69,2,29,Transferência,Não,6.65,Aprovado,6.65
CD10425,5,26,24.5,7.4,4,89,7,8.96,1,15,Ampla concorrência,Não,8.3,Aprovado,8.3
CD10426,1,25,20.7,8.4,5,25,4,7.47,2,6,Cotas,Sim,8.16,Aprovado,8.16
CD10427,4,34,14.4,7.7,2,113,7,6.5,8,8,Transferência,Não,5.69,Reprovado,5.69
CD10428,1,18,11.1,6.6,4,112,6,5.8,2,8,Transferência,Não,5.65,Reprovado,5.65
CD10429,4,28,22.3,8.5,3,79,7,8.24,2,23,Cotas,Sim,7.92,Aprovado,7.92
CD10430,1,25,15.4,5.9,3,75,3,9.65,0,14,Ampla concorrência,Não,8.92,Aprovado,8.92
CD10431,6,27,19.9,7.9,1,22,3,5.77,1,14,Ampla concorrência,Sim,8.27,Aprovado,8.27
CD10432,5,24,19.8,8.5,4,117,5,5.9,2,19,Cotas,Não,7.93,Aprovado,7.93
CD10433,8,20,4.4,7.9,1,56,4,7.17,1,29,Transferência,Sim,4.89,Reprovado,4.89
CD10434,4,20,6.7,7.8,4,18,6,9.03,7,9,Cotas,Não,6.19,Aprovado,6.19
CD10435,8,35,17.9,8.0,1,72,4,6.47,5,28,Ampla concorrência,Não,6.59,Aprovado,6.59
CD10436,8,22,7.4,6.9,1,43,7,6.27,6,17,Transferência,Não,6.35,Aprovado,6.35
CD10437,8,29,9.4,8.5,2,90,6,8.1,0,26,Cotas,Não,5.72,Reprovado,5.72
CD10438,7,29,23.9,5.8,0,100,6,7.68,5,19,Transferência,Sim,8.98,Aprovado,8.98
CD10439,3,23,15.8,5.5,1,38,3,5.3,1,12,Ampla concorrência,Não,5.38,Reprovado,5.38
CD10440,1,19,19.8,6.1,2,46,7,5.41,5,25,Ampla concorrência,Não,7.77,Aprovado,7.77
CD10441,8,29,15.7,7.1,2,52,3,8.22,2,22,Ampla concorrência,Sim,8.17,Aprovado,8.17
CD10442,1,22,15.6,7.0,0,95,3,7.33,6,8,Cotas,Não,6.68,Aprovado,6.68
CD10443,8,29,6.0,8.3,3,73,5,9.85,2,11,Transferência,Sim,8.08,Aprovado,8.08
CD10444,4,34,11.2,6.6,3,33,3,8.39,8,17,Cotas,Não,6.94,Aprovado,6.94
CD10445,3,34,9.9,6.9,3,80,4,5.05,2,18,Cotas,Não,5.65,Reprovado,5.65
CD10446,3,27,12.2,5.1,1,43,6,7.41,6,23,Cotas,Sim,6.82,Aprovado,6.82
CD10447,6,34,20.8,6.6,1,57,3,7.07,3,10,Cotas,Não,7.47,Aprovado,7.47
CD10448,7,32,11.8,7.6,6,21,4,5.53,7,18,Transferência,Não,5.95,Reprovado,5.95
CD10449,6,29,13.5,5.1,0,32,7,9.62,1,7,Transferência,Não,7.81,Aprovado,7.81
CD10450,6,33,12.3,6.1,2,88,6,9.03,7,20,Cotas,Não,6.91,Aprovado,6.91
CD10451,6,25,6.0,5.8,4,106,7,6.15,8,22,Cotas,Sim,5.54,Reprovado,5.54
CD10452,6,34,13.3,5.2,5,22,4,6.28,7,16,Ampla concorrência,Não,6.15,Aprovado,6.15
CD10453,6,22,8.1,6.9,3,96,7,5.16,5,4,Ampla concorrência,Não,7.13,Aprovado,7.13
CD10454,5,33,7.9,5.7,2,111,7,6.48,0,25,Transferência,Sim,6.02,Aprovado,6.02
CD10455,3,23,6.0,8.0,2,105,7,7.92,6,25,Ampla concorrência,Não,6.25,Aprovado,6.25
CD10456,6,25,11.5,8.4,4,54,3,7.1,0,5,Transferência,Sim,7.79,Aprovado,7.79
CD10456,6,25,11.5,8.4,4,54,3,7.1,0,5,Transferência,Sim,7.79,Aprovado,7.79
CD10457,8,35,19.9,7.2,4,108,3,9.85,6,16,Transferência,Sim,8.0,Aprovado,8.0
CD10458,3,29,9.8,8.9,1,74,3,5.28,1,9,Transferência,Não,5.66,Reprovado,5.66
CD10459,3,32,10.6,6.8,5,56,6,7.96,7,17,Ampla concorrência,Não,6.06,Aprovado,6.06
CD10460,2,26,17.5,7.1,1,67,4,9.29,1,19,Ampla concorrência,Não,7.11,Aprovado,7.11
CD10461,5,30,8.1,9.0,4,118,3,7.4,2,3,Transferência,Não,6.93,Aprovado,6.93
CD10462,6,32,22.8,5.9,2,14,7,5.01,2,11,Transferência,Não,5.9,Reprovado,5.9
CD10463,1,27,14.9,8.8,5,86,7,6.21,0,24,Cotas,Não,7.6,Aprovado,7.6
CD10464,4,33,13.4,5.2,2,14,7,6.62,4,16,Transferência,Não,6.83,Aprovado,6.83
CD10465,7,24,15.7,6.8,6,69,7,9.83,4,18,Transferência,Sim,7.42,Aprovado,7.42
CD10466,8,34,7.5,5.3,2,105,5,9.56,4,30,Cotas,Não,7.15,Aprovado,7.15
CD10467,1,24,16.9,7.9,1,30,6,9.75,8,23,Transferência,Sim,8.52,Aprovado,8.52
CD10468,5,31,11.6,7.4,3,33,4,9.13,5,15,Transferência,Não,7.1,Aprovado,7.1
CD10469,4,32,22.8,7.8,4,27,4,6.76,5,8,Transferência,Não,7.4,Aprovado,7.4
CD10470,5,24,7.5,6.5,3,30,3,9.53,2,24,Cotas,Não,7.96,Aprovado,7.96
CD10471,8,26,14.6,6.5,5,63,5,9.91,4,3,Ampla concorrência,Sim,7.98,Aprovado,7.98
CD10472,3,33,16.6,5.2,4,19,4,6.75,6,23,Transferência,Sim,6.16,Aprovado,6.16
CD10473,4,25,4.7,6.4,3,33,6,6.3,2,27,Cotas,Não,5.53,Reprovado,5.53
CD10474,3,35,11.6,8.7,1,113,7,7.73,1,6,Transferência,Não,5.92,Reprovado,5.92
CD10475,8,35,19.4,6.5,3,120,3,5.94,4,5,Cotas,Não,7.52,Aprovado,7.52
CD10476,1,24,21.2,8.3,1,94,6,5.16,2,19,Transferência,Não,7.67,Aprovado,7.67
CD10477,8,20,10.6,8.4,1,98,4,9.73,4,4,Cotas,Não,7.03,Aprovado,7.03
CD10478,1,35,20.8,6.5,4,69,5,9.63,8,21,Ampla concorrência,Sim,9.85,Aprovado,9.85
CD10479,4,27,24.3,7.5,3,66,3,5.81,0,22,Ampla concorrência,Não,9.15,Aprovado,9.15
CD10480,4,24,22.0,5.4,3,32,4,7.04,3,25,Ampla concorrência,Não,7.65,Aprovado,7.65
CD10481,6,34,6.5,5.4,2,31,3,9.16,4,24,Transferência,Sim,6.55,Aprovado,6.55
CD10482,5,31,19.5,5.2,6,77,4,8.31,1,29,Cotas,Sim,7.76,Aprovado,7.76
CD10483,6,20,10.7,7.3,3,43,7,6.97,1,10,Transferência,Não,6.13,Aprovado,6.13
CD10484,5,29,24.8,6.7,1,79,5,8.72,0,27,Transferência,Não,9.19,Aprovado,9.19
CD10485,6,30,14.2,7.2,4,37,7,9.49,7,17,Cotas,Sim,7.78,Aprovado,7.78
CD10486,3,19,6.6,7.1,0,104,4,9.63,1,8,Transferência,Não,7.58,Aprovado,7.58
CD10487,4,20,19.2,6.4,5,108,6,6.89,2,25,Cotas,Sim,8.43,Aprovado,8.43
CD10488,1,22,10.8,7.7,5,999,7,5.87,1,22,Cotas,Não,5.79,Reprovado,5.79
CD10489,5,28,24.9,8.0,1,51,6,9.56,3,4,Ampla concorrência,Sim,8.37,Aprovado,8.37
CD10490,8,25,24.6,5.1,1,32,4,5.46,0,27,Ampla concorrência,Não,8.13,Aprovado,8.13
CD10491,5,29,17.8,5.8,2,79,5,8.61,2,27,Ampla concorrência,Sim,7.55,Aprovado,7.55
CD10492,1,24,6.7,7.9,4,89,6,5.7,4,17,Cotas,Não,7.05,Aprovado,7.05
CD10493,6,32,18.4,6.5,3,11,4,6.95,0,22,Ampla concorrência,Não,8.02,Aprovado,8.02
CD10494,5,34,6.0,7.6,4,33,6,7.06,3,14,Cotas,Sim,6.02,Aprovado,6.02
CD10495,7,21,4.6,6.4,4,26,7,5.79,5,5,Transferência,Não,4.52,Reprovado,4.52
CD10496,3,30,21.3,6.6,3,118,4,9.61,3,12,Ampla concorrência,Sim,7.33,Aprovado,7.33
CD10497,4,35,8.4,5.6,1,74,7,5.01,6,16,Cotas,Não,5.76,Reprovado,5.76
CD10498,1,18,12.0,6.0,3,79,3,9.47,6,29,Cotas,Não,7.84,Aprovado,7.84
CD10499,4,33,24.4,7.4,2,78,4,9.42,5,24,Cotas,Não,9.39,Aprovado,9.39
CD10500,7,30,11.1,6.7,3,118,6,6.58,8,16,Cotas,Não,6.47,Aprovado,6.47
CD10501,5,27,10.2,8.1,4,69,3,8.52,1,5,Ampla concorrência,Não,6.43,Aprovado,6.43
CD10502,5,29,23.3,8.4,4,59,7,6.26,7,3,Ampla concorrência,Sim,7.32,Aprovado,7.32
CD10503,8,19,6.3,7.2,4,102,7,8.79,7,22,Ampla concorrência,Não,6.84,Aprovado,6.84
CD10504,7,20,20.0,8.0,0,21,6,7.81,3,3,Cotas,Não,8.86,Aprovado,8.86
CD10505,1,27,24.7,6.2,0,112,3,6.5,5,4,Transferência,Não,8.8,Aprovado,8.8
CD10506,8,19,22.9,6.7,7,56,5,7.0,5,21,Cotas,Sim,6.67,Aprovado,6.67
CD10507,3,30,17.7,7.9,3,76,6,8.45,4,26,Transferência,Não,8.03,Aprovado,8.03
CD10508,8,30,10.6,6.5,4,74,7,9.53,0,12,Ampla concorrência,Não,6.79,Aprovado,6.79
CD10509,2,35,9.3,7.4,4,36,4,5.65,2,6,Cotas,Não,5.54,Reprovado,5.54
CD10510,1,20,21.2,5.7,3,57,3,7.86,6,6,Cotas,Não,8.54,Aprovado,8.54
CD10511,2,24,22.5,7.4,5,97,5,6.27,7,15,Ampla concorrência,Sim,7.14,Aprovado,7.14
CD10512,7,31,15.0,8.4,1,71,4,9.01,1,28,Cotas,Sim,8.27,Aprovado,8.27
CD10513,6,34,9.1,8.5,4,53,3,5.35,2,11,Transferência,Sim,6.39,Aprovado,6.39
CD10514,2,29,6.4,7.9,1,28,6,8.44,3,9,Transferência,Não,6.91,Aprovado,6.91
CD10515,3,33,5.8,8.0,4,68,6,5.87,4,18,Transferência,Sim,6.14,Aprovado,6.14
CD10516,8,29,19.1,7.2,4,17,3,7.98,2,20,Cotas,Não,7.74,Aprovado,7.74
CD10517,6,32,12.8,7.3,1,64,5,9.18,4,5,Cotas,Não,6.89,Aprovado,6.89
CD10518,8,27,23.0,5.5,2,117,3,8.78,7,22,Transferência,Não,8.66,Aprovado,8.66
CD10519,2,24,19.5,6.8,3,56,4,8.76,7,22,Cotas,Não,7.45,Aprovado,7.45
CD10520,8,22,8.0,6.8,2,11,4,7.59,1,12,Transferência,Não,6.01,Aprovado,6.01
CD10521,7,18,16.9,8.8,4,103,6,9.45,5,26,Ampla concorrência,Não,8.47,Aprovado,8.47
CD10522,6,34,13.1,6.7,2,103,3,7.94,3,28,Transferência,Sim,6.86,Aprovado,6.86
CD10523,7,20,16.1,7.2,8,48,6,9.59,8,28,Ampla concorrência,Não,8.3,Aprovado,8.3
CD10524,2,30,19.5,7.1,4,54,5,7.73,1,24,Ampla concorrência,Não,8.33,Aprovado,8.33
CD10525,7,31,20.9,7.5,4,41,4,7.53,7,18,Ampla concorrência,Não,7.28,Aprovado,7.28
CD10526,3,35,21.7,8.0,1,74,7,6.11,0,5,Transferência,Não,8.24,Aprovado,8.24
CD10527,2,21,9.3,5.9,3,47,7,7.72,5,13,Transferência,Não,6.55,Aprovado,6.55
CD10528,2,35,4.7,7.1,3,86,3,5.7,0,27,Cotas,Não,5.8,Reprovado,5.8
CD10529,2,22,19.5,8.3,3,20,3,9.35,1,12,Cotas,Não,8.47,Aprovado,8.47
CD10530,1,33,6.2,6.9,7,19,7,8.38,2,18,Ampla concorrência,Não,7.88,Aprovado,7.88
CD10531,8,18,10.6,6.1,3,68,3,9.97,8,10,Transferência,Não,8.26,Aprovado,8.26
CD10532,1,31,4.1,7.6,2,99,4,5.46,4,11,Cotas,Sim,5.77,Reprovado,5.77
CD10533,1,32,18.3,8.3,1,64,5,6.2,1,17,Cotas,Não,7.32,Aprovado,7.32
CD10534,3,26,7.5,5.3,3,29,5,9.39,4,23,Cotas,Não,6.07,Aprovado,6.07
CD10535,6,32,17.8,8.1,3,90,6,6.98,4,5,Transferência,Não,7.98,Aprovado,7.98
CD10536,8,34,24.8,8.3,0,26,4,7.33,0,6,Cotas,Não,8.81,Aprovado,8.81
CD10537,7,21,5.5,6.8,3,77,3,9.3,2,15,Ampla concorrência,Não,7.19,Aprovado,7.19
CD10538,5,29,5.6,8.9,5,14,3,7.61,4,14,Transferência,Não,6.83,Aprovado,6.83
CD10539,2,22,11.1,8.1,4,69,6,5.97,8,23,Cotas,Não,4.94,Reprovado,4.94
CD10540,7,22,22.2,8.1,4,32,6,9.46,0,11,Cotas,Sim,7.54,Aprovado,7.54
CD10541,2,28,8.5,8.0,5,55,3,5.16,7,27,Transferência,Não,7.09,Aprovado,7.09
CD10542,3,23,11.6,5.6,2,61,3,9.48,0,16,Cotas,Sim,7.43,Aprovado,7.43
CD10543,2,24,5.4,5.9,3,19,4,5.25,8,21,Cotas,Sim,6.3,Aprovado,6.3
CD10544,1,31,20.0,6.9,3,55,6,8.33,5,9,Ampla concorrência,Não,7.34,Aprovado,7.34
CD10545,8,28,12.6,6.1,4,37,4,5.36,0,18,Transferência,Não,5.99,Reprovado,5.99
CD10546,5,30,19.9,6.7,1,106,3,8.53,7,24,Cotas,Sim,9.37,Aprovado,9.37
CD10547,4,19,23.0,8.6,2,52,7,5.17,4,22,Transferência,Não,7.12,Aprovado,7.12
CD10548,2,24,8.9,8.3,3,35,7,9.21,6,7,Transferência,Não,7.6,Aprovado,7.6
CD10549,7,21,21.0,7.5,2,64,3,7.33,6,12,Ampla concorrência,Sim,7.81,Aprovado,7.81
CD10550,1,25,5.2,8.4,3,57,6,5.47,6,20,Ampla concorrência,Não,5.99,Reprovado,5.99
CD10551,4,30,22.9,8.1,5,38,7,8.53,5,13,Transferência,Não,8.14,Aprovado,8.14
CD10552,5,31,17.7,6.7,1,36,6,7.45,7,9,Ampla concorrência,Não,6.19,Aprovado,6.19
CD10553,4,27,22.4,5.8,1,27,7,5.95,8,16,Ampla concorrência,Sim,7.83,Aprovado,7.83
CD10554,1,28,4.0,7.1,1,113,6,5.08,1,22,Cotas,Sim,5.39,Reprovado,5.39
CD10555,8,19,7.6,7.9,1,69,7,7.09,6,20,Ampla concorrência,Não,7.9,Aprovado,7.9
CD10556,8,26,12.2,6.7,1,83,6,5.43,1,13,Ampla concorrência,Não,5.98,Reprovado,5.98
CD10557,6,34,12.0,7.7,1,115,4,5.47,5,24,Cotas,Não,6.19,Aprovado,6.19
CD10558,8,20,8.8,5.4,3,78,6,6.34,1,29,Cotas,Não,8.08,Aprovado,8.08
CD10559,6,23,12.0,8.0,2,83,4,8.15,5,14,Transferência,Sim,7.75,Aprovado,7.75
CD10560,4,22,6.7,8.3,5,30,4,7.65,1,20,Ampla concorrência,Não,5.74,Reprovado,5.74
CD10561,3,22,12.7,7.8,5,33,3,5.34,0,28,Cotas,Não,6.34,Aprovado,6.34
CD10562,7,32,20.8,8.9,2,111,4,9.84,6,4,Ampla concorrência,Não,7.6,Aprovado,7.6
CD10563,7,34,14.1,8.3,2,12,5,9.44,2,25,Transferência,Não,7.98,Aprovado,7.98
CD10564,4,26,4.4,8.6,4,113,4,6.3,3,3,Ampla concorrência,Não,5.36,Reprovado,5.36
CD10565,2,20,12.9,8.7,0,104,6,5.61,5,25,Ampla concorrência,Não,8.02,Aprovado,8.02
CD10566,2,34,4.6,8.2,2,71,4,9.71,4,12,Ampla concorrência,Não,7.42,Aprovado,7.42
CD10567,8,27,24.3,7.7,3,114,6,7.31,3,23,Cotas,Não,8.27,Aprovado,8.27
CD10568,7,20,6.7,5.0,3,110,6,6.56,8,3,Cotas,Não,6.93,Aprovado,6.93
CD10569,7,35,18.9,6.9,3,11,5,7.45,5,8,Transferência,Não,8.25,Aprovado,8.25
CD10570,6,35,24.4,7.3,1,75,4,8.86,5,9,Ampla concorrência,Sim,8.05,Aprovado,8.05
CD10571,3,34,21.3,6.2,3,112,4,5.84,1,19,Transferência,Sim,7.28,Aprovado,7.28
CD10572,1,20,18.7,6.3,1,51,7,8.84,5,11,Transferência,Não,7.76,Aprovado,7.76
CD10573,2,20,21.6,8.8,2,117,7,8.75,6,9,Cotas,Não,9.66,Aprovado,9.66
CD10574,7,23,24.6,8.6,2,43,3,7.7,7,19,Ampla concorrência,Não,6.52,Aprovado,6.52
CD10575,6,30,17.0,8.4,1,51,6,9.33,7,5,Ampla concorrência,Sim,7.68,Aprovado,7.68
CD10576,5,32,15.7,6.6,6,29,5,5.66,8,18,Transferência,Não,6.42,Aprovado,6.42
CD10577,6,26,17.2,5.1,2,106,7,7.98,2,7,Ampla concorrência,Sim,7.71,Aprovado,7.71
CD10578,2,21,15.2,5.3,7,77,4,7.25,6,22,Cotas,Não,6.91,Aprovado,6.91
CD10579,2,31,17.3,6.2,8,54,3,7.11,6,20,Transferência,Não,6.84,Aprovado,6.84
CD10580,6,22,13.4,5.1,2,117,5,6.26,0,3,Transferência,Não,6.68,Aprovado,6.68
CD10581,1,19,8.6,5.1,2,84,4,6.86,7,6,Cotas,Não,6.75,Aprovado,6.75
CD10582,4,28,6.5,8.7,6,51,4,5.54,3,25,Cotas,Não,6.03,Aprovado,6.03
CD10583,2,26,5.4,7.8,3,56,6,6.26,4,13,Cotas,Não,7.32,Aprovado,7.32
CD10584,6,20,9.5,6.2,1,14,6,6.36,5,22,Cotas,Não,7.84,Aprovado,7.84
CD10585,7,26,5.0,5.5,3,98,7,8.6,2,11,Cotas,Sim,6.95,Aprovado,6.95
CD10586,6,20,15.9,7.0,0,58,7,5.24,4,10,Cotas,Não,6.5,Aprovado,6.5
CD10587,3,19,10.0,5.0,6,46,4,8.26,4,10,Transferência,Não,6.5,Aprovado,6.5
CD10588,4,29,21.3,8.8,2,43,4,6.11,0,7,Ampla concorrência,Não,6.46,Aprovado,6.46
CD10589,5,27,5.6,6.7,1,82,7,5.41,2,14,Ampla concorrência,Não,6.66,Aprovado,6.66
CD10590,1,26,8.8,6.6,3,79,7,6.5,2,3,Transferência,Não,6.38,Aprovado,6.38
CD10591,8,32,19.3,6.6,3,27,4,6.12,0,17,Ampla concorrência,Não,7.45,Aprovado,7.45
CD10592,5,25,16.6,5.3,5,87,5,7.76,6,27,Ampla concorrência,Não,7.49,Aprovado,7.49
CD10593,4,22,5.4,7.6,1,28,4,6.79,0,20,Transferência,Não,5.9,Reprovado,5.9
CD10594,4,28,22.4,7.9,2,87,5,9.83,6,8,Ampla concorrência,Não,8.01,Aprovado,8.01
CD10595,4,19,22.4,7.7,3,49,5,9.82,3,12,Ampla concorrência,Não,8.18,Aprovado,8.18
CD10596,5,32,10.9,5.6,6,26,4,7.22,8,16,Transferência,Não,6.9,Aprovado,6.9
CD10597,7,23,11.1,7.3,2,69,3,8.98,6,23,Ampla concorrência,Não,7.37,Aprovado,7.37
CD10598,4,25,24.8,7.3,3,108,7,5.07,4,28,Cotas,Não,6.03,Aprovado,6.03
CD10599,6,22,17.1,8.5,4,102,6,7.74,6,10,Transferência,Sim,6.65,Aprovado,6.65
CD10600,5,33,15.2,6.5,5,51,4,8.72,8,29,Ampla concorrência,Não,7.24,Aprovado,7.24
CD10601,8,35,21.6,6.5,1,90,5,6.08,5,5,Ampla concorrência,Não,7.45,Aprovado,7.45
CD10602,4,23,10.0,7.5,4,116,4,5.31,0,24,Cotas,Não,6.43,Aprovado,6.43
CD10603,6,22,13.0,7.5,4,81,7,5.78,5,24,Transferência,Não,6.48,Aprovado,6.48
CD10604,7,33,9.6,6.9,1,74,5,7.21,0,28,Transferência,Não,6.6,Aprovado,6.6
CD10605,3,30,20.6,6.8,6,118,6,7.53,3,21,Ampla concorrência,Não,7.15,Aprovado,7.15
CD10606,7,22,16.0,7.0,5,62,6,6.9,7,14,Cotas,Não,7.09,Aprovado,7.09
CD10607,8,30,17.8,8.4,5,109,6,7.2,4,14,Cotas,Não,7.48,Aprovado,7.48
CD10608,4,34,9.3,6.8,6,16,3,7.35,4,17,Cotas,Não,6.24,Aprovado,6.24
CD10609,8,35,8.6,8.8,3,119,5,8.85,7,30,Cotas,Sim,6.35,Aprovado,6.35
CD10610,5,25,14.3,7.0,1,14,5,5.53,7,9,Cotas,Não,6.65,Aprovado,6.65
CD10611,2,30,,8.8,1,33,3,8.84,0,29,Cotas,Sim,7.68,Aprovado,7.68
CD10612,4,20,15.0,8.3,6,37,5,8.44,4,6,Transferência,Não,7.45,Aprovado,7.45
CD10613,2,25,4.7,6.4,2,71,3,8.71,4,23,Ampla concorrência,Não,7.87,Aprovado,7.87
CD10614,6,19,22.2,8.5,4,116,4,8.67,7,11,Ampla concorrência,Não,7.11,Aprovado,7.11
CD10615,3,25,5.4,5.4,3,26,7,7.35,0,24,Cotas,Sim,7.2,Aprovado,7.2
CD10616,1,30,24.1,8.7,7,110,6,6.06,6,18,Transferência,Sim,7.51,Aprovado,7.51
CD10617,8,30,4.5,7.5,2,29,3,7.68,6,28,Transferência,Não,7.28,Aprovado,7.28
CD10618,7,18,18.6,5.2,4,12,3,9.79,8,15,Cotas,Não,7.8,Aprovado,7.8
CD10619,3,23,5.7,7.6,0,46,3,7.94,1,6,Ampla concorrência,Não,5.83,Reprovado,5.83
CD10620,4,33,23.1,8.9,1,99,4,5.06,2,26,Cotas,Sim,7.41,Aprovado,7.41
CD10621,2,25,13.8,5.3,2,24,3,5.3,3,11,Transferência,Sim,7.51,Aprovado,7.51
CD10622,7,18,6.9,7.2,7,60,7,9.96,0,28,Cotas,Não,6.24,Aprovado,6.24
CD10623,2,33,11.2,8.0,5,57,7,5.36,6,23,Ampla concorrência,Sim,5.47,Reprovado,5.47
CD10624,5,26,7.5,8.2,3,17,6,5.23,2,20,Ampla concorrência,Não,6.34,Aprovado,6.34
CD10625,2,30,7.6,6.7,7,22,4,6.77,2,17,Transferência,Não,5.72,Reprovado,5.72
CD10626,5,28,23.9,5.8,2,57,7,9.85,2,17,Cotas,Sim,9.87,Aprovado,9.87
CD10627,6,30,13.4,5.2,3,12,5,6.59,7,8,Cotas,Sim,7.27,Aprovado,7.27
CD10628,7,27,20.6,7.3,1,74,5,7.05,8,13,Transferência,Sim,7.18,Aprovado,7.18
CD10629,7,21,17.4,6.8,3,82,5,8.17,1,30,Cotas,Não,7.21,Aprovado,7.21
CD10630,1,23,18.2,8.8,3,40,3,5.12,0,10,Transferência,Não,6.38,Aprovado,6.38
CD10631,4,24,6.8,5.2,4,114,3,9.49,8,23,Cotas,Não,7.04,Aprovado,7.04
CD10632,5,22,8.9,7.7,3,35,5,7.6,5,19,Ampla concorrência,Sim,6.97,Aprovado,6.97
CD10633,1,28,20.5,5.1,4,90,6,7.33,8,26,Transferência,Não,7.68,Aprovado,7.68
CD10634,2,30,24.4,5.7,2,65,6,9.3,5,27,Cotas,Sim,7.79,Aprovado,7.79
CD10635,2,27,9.5,6.8,4,43,3,9.77,1,19,Cotas,Não,8.0,Aprovado,8.0
CD10636,1,27,9.7,6.8,6,18,5,7.12,0,26,Cotas,Não,6.23,Aprovado,6.23
CD10637,7,28,13.9,7.7,3,71,6,5.86,7,28,Transferência,Não,5.98,Reprovado,5.98
CD10638,2,24,24.7,8.6,4,22,3,9.08,2,30,Ampla concorrência,Não,8.06,Aprovado,8.06
CD10639,8,35,9.6,7.6,1,78,5,7.02,0,20,Cotas,Não,7.5,Aprovado,7.5
CD10640,6,21,12.5,8.8,6,50,4,9.68,7,6,Transferência,Sim,7.56,Aprovado,7.56
CD10641,6,19,22.7,8.5,4,86,5,9.75,0,17,Cotas,Não,8.62,Aprovado,8.62
CD10642,8,31,4.1,7.3,2,10,5,5.57,7,4,Ampla concorrência,Não,5.02,Reprovado,5.02
CD10643,1,30,4.8,8.3,0,98,7,9.78,0,4,Ampla concorrência,Não,7.41,Aprovado,7.41
CD10644,8,29,16.7,7.6,2,56,7,6.84,8,12,Ampla concorrência,Sim,7.93,Aprovado,7.93
CD10645,5,24,23.1,5.3,4,13,4,8.23,8,5,Transferência,Não,6.73,Aprovado,6.73
CD10646,5,19,9.0,8.0,3,109,4,5.17,8,10,Cotas,Não,5.76,Reprovado,5.76
CD10647,1,30,13.9,5.4,4,72,5,9.44,2,22,Transferência,Não,8.06,Aprovado,8.06
CD10648,8,31,13.5,7.4,4,61,6,8.21,3,9,Cotas,Sim,7.33,Aprovado,7.33
CD10649,5,34,13.9,7.8,6,19,4,8.22,4,14,Transferência,Não,6.38,Aprovado,6.38
CD10650,7,26,17.1,5.3,3,37,5,9.51,5,28,Cotas,Não,8.26,Aprovado,8.26
CD10651,8,34,13.9,5.9,2,15,3,7.54,8,21,Transferência,Não,6.4,Aprovado,6.4
CD10652,7,25,13.4,8.7,5,36,7,7.05,3,28,Cotas,Não,6.18,Aprovado,6.18
CD10653,5,19,14.0,7.5,5,21,6,9.33,5,30,Transferência,Não,6.99,Aprovado,6.99
CD10654,6,30,16.4,6.0,4,71,5,8.71,0,17,Ampla concorrência,Não,8.69,Aprovado,8.69
CD10655,5,20,15.3,7.8,2,61,3,9.74,1,16,Transferência,Não,6.82,Aprovado,6.82
CD10656,7,33,21.9,7.4,1,57,7,9.7,7,18,Ampla concorrência,Não,7.46,Aprovado,7.46
CD10657,3,23,5.0,7.0,5,76,3,6.91,3,29,Ampla concorrência,Não,6.27,Aprovado,6.27
CD10658,4,24,21.5,8.9,6,55,5,7.23,6,16,Cotas,Sim,7.48,Aprovado,7.48
CD10659,2,27,21.7,7.7,1,106,4,6.28,3,5,Ampla concorrência,Não,7.21,Aprovado,7.21
CD10660,8,26,10.0,6.5,6,83,7,8.3,8,20,Ampla concorrência,Não,6.82,Aprovado,6.82
CD10661,3,19,13.7,8.2,3,104,3,6.82,8,30,Cotas,Não,6.16,Aprovado,6.16
CD10662,5,32,13.2,8.5,4,24,4,8.93,3,24,Transferência,Não,7.48,Aprovado,7.48
CD10663,6,22,8.6,5.5,3,80,6,5.61,7,8,Transferência,Sim,6.28,Aprovado,6.28
CD10664,1,21,12.3,5.8,3,45,5,5.58,5,19,Ampla concorrência,Não,7.27,Aprovado,7.27
CD10665,5,21,4.9,5.9,4,23,5,6.02,0,25,Transferência,Sim,7.21,Aprovado,7.21
CD10666,6,35,9.8,7.8,1,87,7,5.42,6,30,Ampla concorrência,Não,6.14,Aprovado,6.14
CD10667,4,21,21.2,7.4,5,12,3,8.1,0,16,Transferência,Não,6.83,Aprovado,6.83
CD10668,5,34,10.0,7.5,2,119,6,5.74,2,16,Transferência,Não,6.63,Aprovado,6.63
CD10669,7,29,21.2,8.8,4,76,7,5.8,7,22,Transferência,Não,7.02,Aprovado,7.02
CD10670,1,34,15.2,8.1,5,95,7,5.07,8,15,Ampla concorrência,Não,6.21,Aprovado,6.21
CD10671,6,27,22.5,5.5,3,28,3,8.91,2,29,Cotas,Não,7.11,Aprovado,7.11
CD10672,6,18,16.1,6.4,3,108,6,9.06,0,30,Transferência,Sim,7.84,Aprovado,7.84
CD10673,6,35,4.6,6.7,4,85,3,5.81,0,5,Transferência,Não,6.09,Aprovado,6.09
CD10674,4,35,18.2,6.6,2,63,5,8.7,6,15,Transferência,Não,8.6,Aprovado,8.6
CD10675,5,31,4.9,7.7,4,78,4,7.17,4,26,Ampla concorrência,Sim,5.87,Reprovado,5.87
CD10676,4,32,13.5,8.6,0,19,5,6.2,0,4,Cotas,Não,6.36,Aprovado,6.36
CD10677,8,29,23.5,6.2,0,114,5,8.11,5,11,Ampla concorrência,Não,7.95,Aprovado,7.95
CD10678,2,21,7.5,7.2,4,42,7,5.89,5,15,Transferência,Sim,6.7,Aprovado,6.7
CD10679,2,20,12.2,8.2,2,22,5,8.78,3,10,Ampla concorrência,Sim,8.42,Aprovado,8.42
CD10680,8,29,19.3,6.7,2,108,6,5.24,6,18,Transferência,Sim,7.74,Aprovado,7.74
CD10681,5,24,22.5,5.7,1,60,5,9.8,6,26,Transferência,Não,9.11,Aprovado,9.11
CD10682,7,28,18.1,6.9,2,41,6,5.36,8,5,Ampla concorrência,Não,6.87,Aprovado,6.87
CD10683,4,18,9.4,5.2,5,84,3,7.9,0,15,Transferência,Não,6.81,Aprovado,6.81
CD10684,1,23,18.2,8.8,2,111,7,9.51,4,6,Transferência,Não,8.34,Aprovado,8.34
CD10685,6,32,10.2,5.3,3,33,6,5.06,2,20,Cotas,Sim,5.92,Reprovado,5.92
CD10686,6,32,19.1,6.8,0,44,5,7.49,6,4,Ampla concorrência,Não,8.4,Aprovado,8.4
CD10687,5,28,24.0,7.1,2,92,7,6.75,3,22,Ampla concorrência,Sim,6.63,Aprovado,6.63
CD10688,7,19,19.1,8.9,3,79,7,7.9,3,24,Transferência,Sim,6.63,Aprovado,6.63
CD10689,2,31,22.1,5.7,4,49,6,6.13,0,23,Transferência,Não,6.13,Aprovado,6.13
CD10690,2,19,4.0,5.5,6,63,6,5.32,0,17,Ampla concorrência,Sim,4.87,Reprovado,4.87
CD10691,6,21,19.1,5.0,4,118,4,8.13,1,19,Ampla concorrência,Não,8.59,Aprovado,8.59
CD10692,5,34,21.4,5.6,3,53,4,7.08,1,12,Ampla concorrência,Não,6.76,Aprovado,6.76
CD10693,4,20,4.9,5.8,2,71,7,8.11,0,3,Transferência,Sim,5.86,Reprovado,5.86
CD10694,2,30,22.3,7.5,5,115,4,6.05,7,8,Cotas,Não,6.62,Aprovado,6.62
CD10695,4,26,9.4,5.9,3,108,5,6.69,5,5,Cotas,Não,7.29,Aprovado,7.29
CD10696,7,24,18.0,5.1,3,77,3,7.81,5,21,Transferência,Não,8.55,Aprovado,8.55
CD10697,2,32,20.8,8.3,2,42,7,7.97,8,9,Transferência,Sim,8.61,Aprovado,8.61
CD10698,2,28,17.9,6.5,3,86,3,6.86,4,15,Transferência,Sim,8.0,Aprovado,8.0
CD10699,3,19,5.9,6.4,6,65,4,6.4,3,15,Ampla concorrência,Não,7.07,Aprovado,7.07
CD10700,2,32,16.5,6.2,1,45,6,6.37,5,19,Transferência,Não,5.89,Reprovado,5.89
CD10701,8,31,15.5,8.9,2,63,7,5.87,7,3,Ampla concorrência,Sim,5.98,Reprovado,5.98
CD10702,1,28,22.9,5.7,2,116,4,6.63,0,16,Cotas,Não,7.17,Aprovado,7.17
CD10703,8,20,12.5,1.0,2,28,5,6.0,6,28,Transferência,Sim,6.71,Aprovado,6.71
CD10704,5,34,10.7,8.1,7,52,7,8.17,7,5,Transferência,Sim,6.82,Aprovado,6.82
CD10705,5,29,19.7,5.3,1,21,7,7.85,8,16,Ampla concorrência,Sim,7.93,Aprovado,7.93
CD10706,4,32,12.7,8.9,3,20,6,6.91,7,26,Ampla concorrência,Não,7.43,Aprovado,7.43
CD10707,8,33,17.6,6.1,8,79,7,6.63,6,3,Ampla concorrência,Sim,5.41,Reprovado,5.41
CD10708,8,22,17.6,5.4,1,21,6,6.19,2,18,Cotas,Não,7.09,Aprovado,7.09
CD10709,8,23,22.6,8.3,2,100,4,7.68,1,12,Cotas,Não,8.14,Aprovado,8.14
CD10710,7,22,16.6,7.8,4,50,5,9.59,2,15,Transferência,Sim,7.66,Aprovado,7.66
CD10711,2,20,14.5,7.5,1,34,5,8.43,3,6,Transferência,Não,7.74,Aprovado,7.74
CD10712,1,18,6.9,5.6,4,115,7,8.72,3,11,Ampla concorrência,Não,7.56,Aprovado,7.56
CD10713,4,23,6.4,6.9,4,12,7,9.17,5,16,Cotas,Não,6.99,Aprovado,6.99
CD10714,8,32,7.2,8.1,4,12,4,6.76,6,6,Transferência,Não,7.78,Aprovado,7.78
CD10715,8,19,7.6,6.2,2,93,6,5.31,3,12,Ampla concorrência,Não,6.71,Aprovado,6.71
CD10716,3,20,17.4,6.2,5,37,5,8.11,5,10,Ampla concorrência,Sim,7.61,Aprovado,7.61
CD10717,4,34,19.6,5.0,3,32,6,5.94,8,25,Cotas,Não,7.46,Aprovado,7.46
CD10718,8,29,15.1,5.7,3,57,4,7.85,5,5,Cotas,Sim,7.84,Aprovado,7.84
CD10719,4,35,21.4,8.5,3,76,5,8.7,2,25,Transferência,Não,9.26,Aprovado,9.26
CD10720,2,32,24.8,6.8,2,51,5,8.92,0,9,Transferência,Sim,9.32,Aprovado,9.32
CD10721,3,29,21.2,8.9,3,97,3,6.51,4,12,Ampla concorrência,Sim,7.77,Aprovado,7.77
CD10722,4,33,18.6,6.6,0,116,4,7.56,2,5,Ampla concorrência,Não,7.25,Aprovado,7.25
CD10723,1,25,15.2,7.9,1,49,4,8.1,7,4,Ampla concorrência,Sim,7.86,Aprovado,7.86
CD10724,1,31,13.4,6.1,1,15,3,9.1,0,17,Transferência,Não,8.13,Aprovado,8.13
CD10725,5,34,5.8,6.5,3,29,6,8.81,1,11,Cotas,Sim,7.41,Aprovado,7.41
CD10726,3,25,12.4,5.8,5,20,3,9.94,2,17,Transferência,Não,7.06,Aprovado,7.06
CD10727,3,32,23.1,6.4,1,105,4,5.04,2,19,Cotas,Sim,7.8,Aprovado,7.8
CD10728,5,31,21.0,7.2,7,36,6,7.19,7,9,Transferência,Não,7.84,Aprovado,7.84
CD10729,4,35,8.5,9.0,3,30,5,6.28,4,22,Transferência,Não,5.48,Reprovado,5.48
CD10730,3,24,13.8,7.7,2,117,3,5.6,7,20,Cotas,Não,5.78,Reprovado,5.78
CD10731,1,20,21.2,5.8,6,22,6,9.56,5,17,Transferência,Sim,8.87,Aprovado,8.87
CD10732,1,29,5.4,5.2,5,95,6,9.99,1,20,Transferência,Não,6.43,Aprovado,6.43
CD10733,8,20,12.1,5.5,4,44,6,5.9,3,26,Ampla concorrência,Não,7.49,Aprovado,7.49
CD10734,2,31,21.9,7.3,3,56,3,5.19,8,25,Cotas,Não,6.87,Aprovado,6.87
CD10735,3,32,12.5,8.1,1,95,5,6.38,3,14,Cotas,Não,7.1,Aprovado,7.1
CD10736,4,31,5.6,8.8,4,37,6,9.17,4,25,Ampla concorrência,Não,7.11,Aprovado,7.11
CD10737,5,24,15.4,5.1,1,30,3,6.47,4,23,Cotas,Não,6.59,Aprovado,6.59
CD10738,5,34,22.1,7.1,1,119,4,5.28,7,28,Ampla concorrência,Sim,8.25,Aprovado,8.25
CD10739,4,29,16.4,6.9,5,27,3,5.26,5,10,Cotas,Sim,6.3,Aprovado,6.3
CD10740,7,21,8.8,7.6,2,40,3,7.14,6,4,Cotas,Não,6.73,Aprovado,6.73
CD10741,6,26,12.1,7.2,4,69,3,9.66,5,4,Cotas,Sim,6.16,Aprovado,6.16
CD10742,2,23,13.5,7.7,6,119,6,6.43,4,7,Cotas,Sim,5.59,Reprovado,5.59
CD10743,5,33,16.2,7.6,3,46,3,7.14,4,3,Ampla concorrência,Sim,7.99,Aprovado,7.99
CD10744,3,19,19.9,5.5,1,30,4,5.51,2,24,Ampla concorrência,Sim,7.16,Aprovado,7.16
CD10745,2,25,6.1,8.2,3,23,6,7.47,6,6,Cotas,Não,6.08,Aprovado,6.08
CD10746,3,28,22.7,5.5,2,98,4,8.48,4,8,Transferência,Não,7.8,Aprovado,7.8
CD10747,7,30,4.3,7.8,4,100,7,6.36,6,25,Ampla concorrência,Não,6.32,Aprovado,6.32
CD10748,1,34,11.8,6.7,2,113,3,6.48,1,15,Cotas,Não,7.61,Aprovado,7.61
CD10749,2,25,4.6,7.1,5,69,6,9.21,8,21,Ampla concorrência,Não,6.34,Aprovado,6.34
CD10750,8,35,12.3,8.6,3,32,6,5.05,7,13,Transferência,Não,7.03,Aprovado,7.03
CD10751,5,35,15.0,8.6,4,104,3,8.18,4,15,Transferência,Não,7.22,Aprovado,7.22
CD10752,2,31,14.7,8.3,3,120,5,6.97,1,10,Transferência,Não,7.38,Aprovado,7.38
CD10753,2,32,7.5,7.0,3,38,5,6.49,5,9,Cotas,Não,5.06,Reprovado,5.06
CD10754,2,23,17.6,7.9,0,56,4,8.29,7,15,Cotas,Não,6.77,Aprovado,6.77
CD10755,6,28,4.9,7.1,3,39,3,9.17,6,3,Transferência,Sim,7.48,Aprovado,7.48
CD10756,2,30,20.0,8.5,0,99,3,7.79,7,8,Ampla concorrência,Sim,8.13,Aprovado,8.13
CD10757,3,18,23.9,6.6,3,93,7,5.16,3,9,Ampla concorrência,Não,7.5,Aprovado,7.5
CD10758,1,23,11.1,8.9,5,47,5,7.31,2,18,Transferência,Não,5.93,Reprovado,5.93
CD10759,7,26,14.9,8.7,2,92,5,7.31,6,29,Cotas,Não,6.93,Aprovado,6.93
CD10760,4,25,12.0,8.0,0,36,3,7.72,1,17,Ampla concorrência,Não,6.11,Aprovado,6.11
CD10761,2,28,4.1,6.1,5,98,4,8.35,4,22,Ampla concorrência,Não,5.84,Reprovado,5.84
CD10762,5,26,12.1,5.5,3,113,3,5.1,6,4,Ampla concorrência,Não,6.24,Aprovado,6.24
CD10763,2,34,20.6,8.4,2,111,4,7.51,0,28,Cotas,Não,7.97,Aprovado,7.97
CD10764,5,29,16.5,5.7,3,96,5,7.94,3,27,Transferência,Não,6.96,Aprovado,6.96
CD10765,3,31,6.1,8.4,2,102,7,6.72,1,25,Cotas,Não,6.73,Aprovado,6.73
CD10766,5,32,21.8,7.0,3,24,6,8.34,5,18,Ampla concorrência,Sim,7.98,Aprovado,7.98
CD10767,8,33,15.2,6.6,4,68,5,6.14,0,19,Transferência,Não,6.58,Aprovado,6.58
CD10768,4,18,21.7,8.6,1,12,4,6.59,6,26,Cotas,Não,7.69,Aprovado,7.69
CD10769,1,27,16.2,7.4,3,19,3,9.81,2,17,Transferência,Não,9.47,Aprovado,9.47
CD10770,5,25,15.8,7.3,2,88,5,6.74,0,5,Ampla concorrência,Não,7.01,Aprovado,7.01
CD10771,5,35,6.2,7.2,2,89,7,6.73,7,6,Cotas,Não,7.02,Aprovado,7.02
CD10772,1,18,7.5,6.5,0,26,4,7.98,6,14,Transferência,Sim,7.38,Aprovado,7.38
CD10773,4,19,24.4,8.1,3,92,3,,1,7,Cotas,Não,8.49,Aprovado,8.49
CD10774,2,18,8.8,6.0,3,20,6,9.92,6,19,Ampla concorrência,Não,6.35,Aprovado,6.35
CD10775,5,18,24.5,8.8,2,57,4,7.9,2,8,Transferência,Sim,7.73,Aprovado,7.73
CD10776,1,26,15.2,8.6,1,14,3,5.01,8,12,Ampla concorrência,Não,6.69,Aprovado,6.69
CD10777,8,30,6.9,6.3,3,78,6,9.5,7,24,Transferência,Não,7.09,Aprovado,7.09
CD10778,8,18,6.1,7.9,4,73,3,7.85,4,20,Ampla concorrência,Não,7.43,Aprovado,7.43
CD10779,3,30,8.4,7.3,4,23,6,6.83,6,29,Ampla concorrência,Não,5.89,Reprovado,5.89
CD10780,1,24,23.4,6.4,5,59,6,9.15,2,12,Cotas,Sim,8.11,Aprovado,8.11
CD10781,3,19,12.7,9.0,5,35,6,7.0,0,8,Ampla concorrência,Não,7.09,Aprovado,7.09
CD10782,8,23,12.3,5.1,2,81,3,5.17,0,26,Cotas,Não,6.18,Aprovado,6.18
CD10783,4,24,10.6,6.0,3,78,6,9.11,1,8,Ampla concorrência,Não,8.02,Aprovado,8.02
CD10784,2,31,7.1,7.1,3,16,4,7.73,7,22,Ampla concorrência,Não,5.89,Reprovado,5.89
CD10785,1,35,14.2,7.1,2,25,7,6.69,0,17,Ampla concorrência,Sim,5.92,Reprovado,5.92
CD10786,7,32,6.7,7.4,2,64,7,6.25,4,6,Transferência,Não,6.05,Aprovado,6.05
CD10787,8,19,21.5,8.0,4,87,6,7.97,8,27,Cotas,Não,7.74,Aprovado,7.74
CD10788,8,27,11.8,7.5,1,110,7,6.04,8,18,Transferência,Não,6.83,Aprovado,6.83
CD10789,7,29,11.9,7.4,6,65,7,6.62,1,24,Cotas,Não,6.55,Aprovado,6.55
CD10789,7,29,11.9,7.4,6,65,7,6.62,1,24,Cotas,Não,6.55,Aprovado,6.55
CD10790,6,34,14.0,5.2,1,114,6,8.18,6,26,Ampla concorrência,Não,7.21,Aprovado,7.21
CD10791,8,25,13.3,6.5,4,13,6,9.41,0,10,Transferência,Não,6.51,Aprovado,6.51
CD10792,5,28,24.9,5.9,2,109,4,7.66,2,9,Cotas,Não,8.05,Aprovado,8.05
CD10793,4,20,15.5,6.1,4,57,5,8.8,5,21,Ampla concorrência,Não,6.83,Aprovado,6.83
CD10794,1,23,5.9,7.2,3,26,3,8.82,8,28,Cotas,Sim,6.93,Aprovado,6.93
CD10795,7,26,16.7,5.8,5,120,6,8.32,1,19,Cotas,Não,6.66,Aprovado,6.66
CD10796,5,23,7.2,6.2,5,45,6,6.23,6,23,Ampla concorrência,Não,6.31,Aprovado,6.31
CD10797,7,26,4.6,5.9,1,79,7,9.33,3,15,Transferência,Não,8.25,Aprovado,8.25
CD10798,1,24,24.4,8.8,4,89,4,7.18,1,17,Ampla concorrência,Não,7.28,Aprovado,7.28
CD10799,3,26,20.2,8.8,2,102,7,5.22,2,28,Transferência,Não,6.14,Aprovado,6.14
CD10800,1,35,24.6,7.4,3,109,6,6.22,5,28,Cotas,Não,8.4,Aprovado,8.4
CD10801,6,29,14.0,8.7,1,47,6,8.83,8,4,Cotas,Sim,8.93,Aprovado,8.93
CD10802,1,25,15.2,8.1,4,110,7,5.35,7,30,Cotas,Não,5.63,Reprovado,5.63
CD10803,1,25,7.5,7.4,3,71,6,5.74,8,12,Transferência,Não,6.02,Aprovado,6.02
CD10804,6,35,9.2,5.0,4,57,5,8.47,3,15,Ampla concorrência,Não,7.3,Aprovado,7.3
CD10805,4,32,21.6,8.1,4,19,3,9.46,3,20,Transferência,Não,8.06,Aprovado,8.06
CD10806,8,24,11.5,7.8,4,114,3,8.17,8,25,Cotas,Não,5.82,Reprovado,5.82
CD10807,1,28,21.4,7.5,3,45,3,6.11,7,13,Cotas,Não,6.34,Aprovado,6.34
CD10808,6,33,18.9,8.0,1,38,5,5.27,1,15,Ampla concorrência,Sim,6.13,Aprovado,6.13
CD10809,5,21,7.7,7.1,5,87,6,8.08,7,21,Transferência,Não,5.91,Reprovado,5.91
CD10810,3,23,14.7,7.8,5,13,7,5.24,0,26,Cotas,Não,6.41,Aprovado,6.41
CD10811,3,20,18.2,8.7,4,53,4,8.06,8,27,Transferência,Não,8.32,Aprovado,8.32
CD10812,1,26,8.9,6.5,5,65,6,6.13,8,26,Transferência,Sim,5.2,Reprovado,5.2
CD10813,4,27,21.4,7.8,3,51,5,9.52,7,24,Ampla concorrência,Não,7.78,Aprovado,7.78
CD10814,4,31,15.4,6.9,2,109,5,7.38,4,7,Ampla concorrência,Não,6.51,Aprovado,6.51
CD10815,5,28,7.5,7.7,5,118,3,6.12,4,5,Cotas,Sim,6.24,Aprovado,6.24
CD10816,1,35,16.2,8.1,6,22,6,9.27,2,21,Ampla concorrência,Não,7.02,Aprovado,7.02
CD10817,3,29,25.0,5.2,3,55,3,6.27,4,60,Transferência,Sim,6.93,Aprovado,6.93
CD10818,4,29,7.2,7.6,0,91,4,6.53,3,15,Ampla concorrência,Não,5.42,Reprovado,5.42
CD10819,1,30,21.2,5.9,3,42,3,9.17,0,7,Transferência,Não,9.16,Aprovado,9.16
CD10820,7,30,8.4,7.7,1,30,4,6.54,8,14,Cotas,Não,8.09,Aprovado,8.09
CD10821,4,31,20.4,6.9,0,89,5,7.05,3,16,Transferência,Não,7.81,Aprovado,7.81
CD10822,6,21,19.4,8.1,1,88,3,6.74,2,8,Ampla concorrência,Sim,8.53,Aprovado,8.53
CD10823,7,30,10.3,5.5,4,66,3,5.58,5,24,Ampla concorrência,Não,5.78,Reprovado,5.78
CD10824,8,25,10.8,7.5,2,78,7,5.19,0,11,Cotas,Não,6.26,Aprovado,6.26
CD10825,4,29,20.6,6.1,8,79,5,8.62,4,19,Ampla concorrência,Não,8.05,Aprovado,8.05
CD10826,3,35,13.7,8.4,7,111,7,8.23,6,10,Cotas,Não,6.48,Aprovado,6.48
CD10827,2,23,19.3,8.7,3,76,4,6.41,1,28,Cotas,Não,7.12,Aprovado,7.12
CD10828,7,35,7.1,9.0,3,57,4,6.48,8,15,Ampla concorrência,Sim,6.07,Aprovado,6.07
CD10829,8,22,21.9,8.2,3,85,5,9.73,5,7,Transferência,Sim,8.74,Aprovado,8.74
CD10830,5,26,18.9,8.0,0,109,4,9.94,1,24,Cotas,Sim,8.54,Aprovado,8.54
CD10831,5,20,23.0,5.9,3,42,5,7.37,7,24,Transferência,Não,7.3,Aprovado,7.3
CD10832,3,27,6.8,6.3,3,45,4,9.01,7,19,Ampla concorrência,Não,6.8,Aprovado,6.8
CD10833,4,20,16.5,6.9,4,42,6,8.68,0,5,Transferência,Não,8.38,Aprovado,8.38
CD10834,1,32,16.6,8.1,1,40,3,6.49,0,30,Transferência,Não,7.58,Aprovado,7.58
CD10835,4,18,11.4,8.7,3,30,6,5.29,0,8,Transferência,Não,6.58,Aprovado,6.58
CD10836,3,24,13.6,5.8,4,36,5,5.71,3,16,Transferência,Não,8.06,Aprovado,8.06
CD10837,5,29,4.8,8.7,4,100,5,9.19,3,17,Ampla concorrência,Sim,6.03,Aprovado,6.03
CD10838,4,34,19.7,7.8,2,81,6,8.66,7,16,Ampla concorrência,Não,8.51,Aprovado,8.51
CD10839,5,22,15.5,7.4,5,110,3,8.32,0,13,Transferência,Sim,7.37,Aprovado,7.37
CD10840,7,21,5.2,5.8,2,71,3,5.65,2,13,Ampla concorrência,Não,6.19,Aprovado,6.19
CD10841,8,29,18.3,5.2,4,105,7,8.2,0,11,Ampla concorrência,Não,7.73,Aprovado,7.73
CD10842,1,35,13.8,7.3,3,35,4,8.86,8,8,Cotas,Sim,7.03,Aprovado,7.03
CD10843,7,34,4.7,7.6,3,75,7,9.3,8,17,Ampla concorrência,Não,6.2,Aprovado,6.2
CD10844,5,26,24.4,5.8,2,21,3,5.07,6,14,Transferência,Sim,7.31,Aprovado,7.31
CD10845,5,21,23.9,7.2,2,31,6,8.42,7,8,Ampla concorrência,Não,7.73,Aprovado,7.73
CD10846,2,19,14.8,8.4,1,26,4,5.1,0,3,Ampla concorrência,Não,6.38,Aprovado,6.38
CD10847,2,21,6.0,8.3,3,16,6,8.53,4,27,Ampla concorrência,Não,7.36,Aprovado,7.36
CD10848,7,19,19.8,8.7,5,116,7,8.18,1,18,Ampla concorrência,Não,6.78,Aprovado,6.78
CD10849,6,32,14.3,6.5,1,77,5,5.74,0,22,Cotas,Não,6.65,Aprovado,6.65
CD10850,7,19,10.4,6.3,2,46,6,8.83,2,17,Transferência,Não,8.06,Aprovado,8.06
CD10851,2,21,14.3,8.0,3,47,7,5.34,6,4,Transferência,Sim,6.15,Aprovado,6.15
CD10852,5,23,15.0,6.7,2,105,7,9.13,0,19,Ampla concorrência,Sim,8.81,Aprovado,8.81
CD10853,3,24,15.8,5.4,3,20,7,6.31,1,5,Ampla concorrência,Sim,5.83,Reprovado,5.83
CD10854,7,27,13.3,6.1,4,10,5,8.44,1,5,Cotas,Não,8.55,Aprovado,8.55
CD10855,5,29,16.7,6.7,1,34,5,9.62,3,7,Ampla concorrência,Não,8.15,Aprovado,8.15
CD10856,3,20,23.3,6.2,1,51,5,6.7,2,19,Cotas,Não,6.86,Aprovado,6.86
CD10857,3,30,11.6,6.3,3,61,4,7.51,2,25,Transferência,Não,7.52,Aprovado,7.52
CD10858,2,35,19.2,6.2,3,33,5,7.32,4,19,Transferência,Sim,7.79,Aprovado,7.79
CD10859,7,25,22.8,5.2,3,62,5,5.79,2,22,Cotas,Sim,8.29,Aprovado,8.29
CD10860,4,32,13.6,7.5,2,116,5,7.95,6,8,Transferência,Não,6.24,Aprovado,6.24
CD10861,1,18,13.3,7.4,1,65,6,8.72,4,3,Ampla concorrência,Sim,6.83,Aprovado,6.83
CD10862,2,20,16.6,7.6,3,72,5,9.58,3,9,Ampla concorrência,Não,8.5,Aprovado,8.5
CD10863,2,25,16.4,5.8,5,90,4,9.25,2,28,Cotas,Não,9.47,Aprovado,9.47
CD10864,4,21,20.9,6.2,0,17,7,7.55,3,17,Transferência,Não,8.34,Aprovado,8.34
CD10865,1,33,14.0,7.5,8,68,6,8.6,1,9,Transferência,Não,7.57,Aprovado,7.57
CD10866,5,27,24.9,7.4,4,54,3,9.0,0,21,Cotas,Não,7.84,Aprovado,7.84
CD10867,6,29,5.2,7.0,1,36,5,7.47,2,22,Cotas,Não,6.45,Aprovado,6.45
CD10868,7,31,4.1,6.4,6,61,7,5.58,1,24,Transferência,Sim,5.09,Reprovado,5.09
CD10869,6,31,17.4,8.7,0,27,7,7.19,0,13,Cotas,Não,7.9,Aprovado,7.9
CD10870,5,19,10.3,6.4,7,100,6,9.21,0,25,Ampla concorrência,Sim,7.68,Aprovado,7.68
CD10871,8,22,9.0,6.8,1,95,3,7.98,1,16,Transferência,Sim,7.16,Aprovado,7.16
CD10872,2,22,10.5,7.7,3,25,4,8.62,8,15,Cotas,Não,7.74,Aprovado,7.74
CD10873,1,23,9.4,7.2,1,75,7,5.93,4,22,Cotas,Não,6.43,Aprovado,6.43
CD10874,2,30,4.6,6.4,1,14,7,9.82,8,28,Cotas,Sim,8.16,Aprovado,8.16
CD10875,3,26,24.4,6.7,2,91,7,7.02,7,29,Transferência,Sim,7.29,Aprovado,7.29
CD10876,2,32,8.6,8.2,8,12,7,8.27,5,27,Ampla concorrência,Sim,7.52,Aprovado,7.52
CD10877,2,31,19.4,6.1,2,100,6,5.09,0,11,Ampla concorrência,Não,6.42,Aprovado,6.42
CD10878,5,24,20.0,5.6,6,90,3,5.64,4,11,Transferência,Não,6.82,Aprovado,6.82
CD10879,5,19,23.5,6.3,3,89,7,8.91,0,18,Cotas,Sim,7.48,Aprovado,7.48
CD10880,5,24,4.6,8.4,3,79,4,9.84,6,14,Transferência,Não,7.43,Aprovado,7.43
CD10881,6,23,22.3,5.4,5,16,4,6.6,7,12,Transferência,Não,7.46,Aprovado,7.46
CD10882,3,34,15.1,9.0,8,59,5,5.19,7,8,Cotas,Não,6.64,Aprovado,6.64
CD10883,8,19,17.3,7.2,3,23,7,6.8,6,20,Transferência,Não,5.97,Reprovado,5.97
CD10884,8,20,17.5,8.9,2,47,7,5.09,1,4,Ampla concorrência,Não,6.86,Aprovado,6.86
CD10885,5,22,21.2,8.8,2,113,7,5.96,4,29,Transferência,Não,7.61,Aprovado,7.61
CD10886,1,22,11.0,6.8,3,88,7,8.76,3,22,Cotas,Não,6.58,Aprovado,6.58
CD10887,6,18,19.4,5.8,6,120,7,9.69,4,11,Transferência,Sim,8.35,Aprovado,8.35
CD10888,4,25,15.1,5.7,3,56,4,5.44,8,21,Ampla concorrência,Não,4.99,Reprovado,4.99
CD10889,1,29,20.7,6.0,4,42,3,7.79,3,8,Transferência,Não,7.58,Aprovado,7.58
CD10890,7,21,24.8,7.8,4,52,3,6.27,7,4,Transferência,Sim,8.53,Aprovado,8.53
CD10891,7,30,8.2,6.1,3,100,5,5.7,7,17,Transferência,Sim,6.03,Aprovado,6.03
CD10892,1,32,24.9,6.4,4,38,4,6.09,1,19,Transferência,Sim,7.0,Aprovado,7.0
CD10893,5,28,5.9,6.8,5,66,7,7.89,5,18,Cotas,Não,6.39,Aprovado,6.39
CD10894,4,27,4.0,8.7,6,110,3,5.33,4,30,Ampla concorrência,Sim,5.51,Reprovado,5.51
CD10895,4,20,4.9,5.8,3,14,6,7.17,1,23,Ampla concorrência,Não,6.93,Aprovado,6.93
CD10896,6,31,11.2,5.0,4,102,6,5.68,3,10,Ampla concorrência,Não,6.37,Aprovado,6.37
CD10897,4,33,17.3,5.2,6,105,6,6.36,6,12,Transferência,Não,7.35,Aprovado,7.35
CD10898,7,27,5.4,8.6,2,69,7,5.95,0,12,Ampla concorrência,Não,6.12,Aprovado,6.12
CD10899,3,27,4.1,7.6,8,79,7,9.41,8,20,Cotas,Não,5.99,Reprovado,5.99
CD10900,5,29,23.7,6.1,3,11,5,8.54,0,12,Transferência,Sim,7.24,Aprovado,7.24
CD10901,4,26,21.3,5.7,1,79,5,9.34,4,11,Transferência,Não,8.69,Aprovado,8.69
CD10902,6,18,21.0,6.2,4,119,5,6.92,6,30,Ampla concorrência,Sim,5.71,Reprovado,5.71
CD10903,7,22,22.6,5.5,4,52,6,6.57,7,26,Transferência,Não,6.22,Aprovado,6.22
CD10904,3,25,18.7,8.8,1,13,7,6.9,1,21,Transferência,Não,6.51,Aprovado,6.51
CD10905,2,28,6.2,8.1,1,65,6,5.09,3,3,Ampla concorrência,Não,6.44,Aprovado,6.44
CD10906,2,29,12.4,6.8,5,102,5,8.62,1,6,Cotas,Não,6.14,Aprovado,6.14
CD10907,3,18,19.2,8.5,4,68,7,6.75,3,26,Cotas,Sim,7.57,Aprovado,7.57
CD10908,7,28,9.9,6.0,3,98,4,6.57,5,5,Ampla concorrência,Não,5.8,Reprovado,5.8
CD10909,6,22,18.4,7.9,2,18,3,7.99,5,12,Cotas,Não,7.61,Aprovado,7.61
CD10910,3,32,4.5,8.4,1,12,3,7.18,1,14,Cotas,Sim,6.39,Aprovado,6.39
CD10911,5,22,10.4,6.4,5,99,5,9.9,3,20,Cotas,Não,7.29,Aprovado,7.29
CD10912,5,29,15.5,8.0,5,57,6,6.78,3,25,Transferência,Não,6.42,Aprovado,6.42
CD10913,2,22,17.3,6.2,2,52,4,8.07,0,22,Transferência,Não,6.55,Aprovado,6.55
CD10914,4,34,16.1,6.2,4,100,7,6.56,1,8,Transferência,Não,6.95,Aprovado,6.95
CD10915,6,34,18.7,5.4,6,109,6,9.95,2,23,Cotas,Sim,8.39,Aprovado,8.39
CD10916,2,29,4.1,6.8,2,105,5,7.23,4,4,Transferência,Não,6.81,Aprovado,6.81
CD10917,4,32,6.1,7.9,4,10,6,8.17,7,12,Cotas,Não,6.68,Aprovado,6.68
CD10918,4,32,22.2,8.8,3,66,5,5.63,5,4,Ampla concorrência,Sim,7.41,Aprovado,7.41
CD10919,8,23,18.3,7.4,4,62,3,8.67,2,11,Cotas,Não,7.21,Aprovado,7.21
CD10920,5,29,6.4,8.5,5,25,3,6.35,5,29,Transferência,Sim,6.33,Aprovado,6.33
CD10921,7,35,21.7,8.3,0,60,6,7.24,6,12,Cotas,Não,8.2,Aprovado,8.2
CD10922,1,31,9.1,5.7,4,84,4,9.42,5,4,Transferência,Sim,7.03,Aprovado,7.03
CD10923,7,19,14.0,6.9,1,99,7,9.85,5,10,Transferência,Não,8.03,Aprovado,8.03
CD10924,1,26,7.0,5.5,1,113,5,7.12,0,26,Ampla concorrência,Não,6.6,Aprovado,6.6
CD10925,3,22,18.9,7.7,3,64,7,9.17,2,19,Ampla concorrência,Não,8.34,Aprovado,8.34
CD10926,5,18,18.0,8.8,2,10,3,5.27,6,19,Transferência,Sim,5.78,Reprovado,5.78
CD10927,4,20,8.4,5.5,1,99,4,9.24,3,6,Cotas,Não,6.27,Aprovado,6.27
CD10928,6,23,22.1,7.9,2,37,4,8.15,3,20,Ampla concorrência,Não,6.99,Aprovado,6.99
CD10929,1,22,12.4,7.5,2,62,7,7.44,6,14,Ampla concorrência,Sim,6.75,Aprovado,6.75
CD10930,7,22,10.1,7.3,4,67,3,9.45,8,19,Transferência,Não,7.64,Aprovado,7.64
CD10931,4,18,7.2,6.6,5,82,7,9.23,1,11,Cotas,Não,5.37,Reprovado,5.37
CD10932,1,34,9.6,6.4,3,69,6,6.48,8,21,Ampla concorrência,Não,13.4,Aprovado,13.4
CD10933,1,31,4.5,5.2,3,68,4,8.96,2,16,Ampla concorrência,Sim,7.64,Aprovado,7.64
CD10934,8,29,16.2,5.9,1,117,4,5.5,5,16,Cotas,Não,7.06,Aprovado,7.06
CD10935,1,27,21.7,5.1,0,31,6,9.11,3,19,Ampla concorrência,Sim,7.06,Aprovado,7.06
CD10936,6,35,15.5,7.3,3,17,3,8.38,0,4,Cotas,Não,7.88,Aprovado,7.88
CD10937,5,28,8.6,5.4,7,58,4,5.44,8,10,Transferência,Sim,5.93,Reprovado,5.93
CD10938,6,19,4.7,8.5,1,51,5,8.42,5,7,Ampla concorrência,Não,6.58,Aprovado,6.58
CD10939,2,35,8.5,7.1,8,36,5,7.9,7,29,Transferência,Não,6.54,Aprovado,6.54
CD10940,4,24,12.7,7.8,4,48,3,7.97,1,9,Cotas,Sim,6.11,Aprovado,6.11
CD10941,5,32,20.0,6.6,5,92,6,6.45,6,24,Transferência,Não,7.17,Aprovado,7.17
CD10942,8,28,7.9,7.2,3,34,7,6.33,5,18,Transferência,Não,6.63,Aprovado,6.63
CD10943,5,35,19.1,8.8,4,47,3,8.81,1,18,Transferência,Sim,7.37,Aprovado,7.37
CD10944,5,29,22.2,5.3,4,94,7,6.28,1,19,Cotas,Não,7.01,Aprovado,7.01
CD10945,7,23,13.5,6.0,3,33,3,7.23,3,24,Cotas,Não,6.61,Aprovado,6.61
CD10946,5,30,21.3,8.1,4,33,5,8.47,3,29,Cotas,Não,7.59,Aprovado,7.59
CD10947,8,33,15.6,5.4,4,69,6,5.4,2,9,Cotas,Não,5.97,Reprovado,5.97
CD10948,6,35,17.4,5.3,4,92,5,7.97,7,22,Cotas,Não,6.92,Aprovado,6.92
CD10949,5,27,15.1,6.4,3,59,6,7.95,6,10,Ampla concorrência,Não,7.71,Aprovado,7.71
CD10950,3,25,13.7,5.4,7,120,7,8.42,1,10,Ampla concorrência,Não,5.84,Reprovado,5.84
CD10951,4,35,8.9,7.3,3,75,3,6.85,2,25,Ampla concorrência,Não,6.66,Aprovado,6.66
CD10952,5,18,10.4,5.9,1,23,4,7.24,8,13,Transferência,Não,7.28,Aprovado,7.28
CD10953,4,25,10.1,8.6,5,62,4,6.65,4,17,Transferência,Não,5.46,Reprovado,5.46
CD10954,3,23,15.8,8.1,3,41,6,9.04,1,20,Cotas,Não,7.68,Aprovado,7.68
CD10955,3,22,6.5,7.8,4,115,6,5.65,2,8,Cotas,Não,5.25,Reprovado,5.25
CD10956,4,32,23.3,7.5,3,105,5,9.81,7,24,Ampla concorrência,Sim,9.36,Aprovado,9.36
CD10957,1,32,19.1,8.5,3,101,4,8.17,3,14,Cotas,Sim,7.6,Aprovado,7.6
CD10958,2,19,12.4,5.9,4,57,5,9.43,1,17,Transferência,Não,8.53,Aprovado,8.53
CD10959,7,18,7.3,8.5,0,48,7,7.13,1,30,Cotas,Sim,7.65,Aprovado,7.65
CD10960,1,28,22.5,8.2,3,49,4,6.66,5,25,Ampla concorrência,Não,7.77,Aprovado,7.77
CD10961,1,27,21.3,8.0,5,51,7,9.5,7,8,Cotas,Sim,9.65,Aprovado,9.65
CD10962,6,35,19.2,7.2,3,120,3,5.49,6,20,Transferência,Sim,5.84,Reprovado,5.84
CD10963,7,35,9.7,6.0,2,113,5,5.59,3,26,Ampla concorrência,Sim,7.3,Aprovado,7.3
CD10964,7,34,12.5,6.7,2,86,6,6.5,1,22,Cotas,Não,6.6,Aprovado,6.6
CD10965,1,25,6.2,8.2,4,85,4,9.8,8,11,Transferência,Sim,7.03,Aprovado,7.03
CD10966,5,32,8.0,5.1,5,17,5,8.17,3,10,Ampla concorrência,Não,6.37,Aprovado,6.37
CD10967,6,25,20.4,8.1,6,88,6,7.77,8,16,Ampla concorrência,Não,6.47,Aprovado,6.47
CD10968,6,34,19.0,6.0,4,35,3,8.53,4,21,Transferência,Não,8.16,Aprovado,8.16
CD10969,3,29,16.5,5.6,3,21,4,7.09,6,21,Cotas,Não,6.34,Aprovado,6.34
CD10970,8,25,22.8,5.5,7,52,7,8.79,4,10,Cotas,Não,7.49,Aprovado,7.49
CD10971,7,31,16.2,5.1,2,60,3,6.97,1,4,Cotas,Não,6.84,Aprovado,6.84
CD10972,1,21,13.8,7.1,2,119,6,9.13,5,27,Ampla concorrência,Não,8.38,Aprovado,8.38
CD10973,3,18,11.1,5.9,3,100,4,6.34,6,6,Ampla concorrência,Não,6.5,Aprovado,6.5
CD10974,4,18,23.7,9.0,2,91,4,6.39,5,8,Cotas,Não,5.94,Reprovado,5.94
CD10975,2,33,5.7,7.3,3,118,3,7.61,2,5,Ampla concorrência,Não,5.87,Reprovado,5.87
CD10976,8,31,23.5,5.6,2,109,4,7.15,7,5,Ampla concorrência,Não,6.77,Aprovado,6.77
CD10977,8,33,21.4,7.8,2,72,6,8.24,2,21,Transferência,Não,8.38,Aprovado,8.38
CD10978,8,22,6.7,8.6,3,58,3,6.82,4,13,Cotas,Não,5.51,Reprovado,5.51
CD10979,6,26,15.9,8.0,6,36,7,6.15,8,12,Cotas,Sim,6.21,Aprovado,6.21
CD10980,4,19,22.2,5.3,2,18,3,7.35,4,14,Cotas,Não,9.05,Aprovado,9.05
CD10981,8,35,16.0,8.6,7,48,3,7.8,6,16,Ampla concorrência,Não,7.51,Aprovado,7.51
CD10982,4,23,23.1,8.2,3,74,7,5.71,6,30,Ampla concorrência,Não,6.51,Aprovado,6.51
CD10983,5,26,23.8,5.6,4,80,6,7.78,4,20,Ampla concorrência,Não,8.5,Aprovado,8.5
CD10984,8,18,12.9,5.2,1,99,5,6.6,1,26,Cotas,Não,6.43,Aprovado,6.43
CD10985,2,26,11.9,7.2,0,80,5,6.96,4,11,Ampla concorrência,Não,7.62,Aprovado,7.62
CD10986,4,33,23.7,5.6,3,16,7,6.4,6,17,Cotas,Não,7.29,Aprovado,7.29
CD10987,4,30,18.2,8.3,4,81,6,9.66,6,26,Ampla concorrência,Não,7.36,Aprovado,7.36
CD10988,2,26,6.4,6.4,2,89,4,8.42,3,28,Cotas,Não,6.14,Aprovado,6.14
CD10989,8,30,4.9,8.7,3,76,7,6.31,0,5,Transferência,Não,6.25,Aprovado,6.25
CD10990,2,26,15.9,7.3,6,118,5,8.23,5,25,Ampla concorrência,Não,7.9,Aprovado,7.9
CD10991,4,28,23.5,5.7,3,19,6,9.24,2,13,Cotas,Sim,8.67,Aprovado,8.67
CD10992,2,21,21.7,5.6,2,80,3,7.01,4,12,Transferência,Sim,7.38,Aprovado,7.38
CD10993,4,19,18.2,7.3,1,94,6,9.15,3,20,Transferência,Não,6.86,Aprovado,6.86
CD10994,4,23,6.9,8.0,3,62,6,5.77,1,6,Ampla concorrência,Não,5.6,Reprovado,5.6
CD10995,5,31,9.3,8.1,4,110,5,9.11,6,30,Cotas,Não,6.28,Aprovado,6.28
CD10996,1,21,22.4,6.1,3,104,5,7.7,4,15,Ampla concorrência,Sim,8.82,Aprovado,8.82
CD10997,4,23,7.8,5.8,2,96,4,6.11,6,8,Transferência,Sim,6.02,Aprovado,6.02
CD10998,8,23,,5.1,3,66,4,7.04,8,29,Ampla concorrência,Não,6.87,Aprovado,6.87
CD10999,3,19,6.7,7.7,0,100,7,9.94,3,23,Cotas,Sim,7.28,Aprovado,7.28
CD11000,6,35,18.2,5.3,2,95,3,8.92,4,15,Transferência,Sim,8.27,Aprovado,8.27
CD11001,7,30,23.8,6.7,6,112,4,7.88,8,27,Ampla concorrência,Sim,8.29,Aprovado,8.29
CD11002,1,26,9.6,7.4,2,36,5,5.58,3,28,Ampla concorrência,Sim,7.91,Aprovado,7.91
CD11003,1,30,14.0,8.7,3,63,6,7.09,4,22,Ampla concorrência,Não,6.69,Aprovado,6.69
CD11004,1,28,17.3,6.2,5,13,7,6.32,4,7,Ampla concorrência,Não,7.61,Aprovado,7.61
CD11005,5,18,25.0,6.0,3,97,4,5.36,7,22,Ampla concorrência,Sim,7.56,Aprovado,7.56
CD11006,4,24,6.2,7.6,3,32,6,7.71,3,16,Transferência,Sim,6.16,Aprovado,6.16
CD11007,5,32,14.5,7.5,2,57,6,9.45,3,15,Transferência,Não,7.48,Aprovado,7.48
CD11008,4,18,12.1,6.3,3,92,4,8.38,6,16,Cotas,Não,7.57,Aprovado,7.57
CD11009,8,29,22.2,8.7,0,51,3,6.25,4,10,Ampla concorrência,Não,7.44,Aprovado,7.44
CD11010,5,24,14.0,8.4,2,12,3,7.87,5,18,Cotas,Não,7.39,Aprovado,7.39
CD11011,5,32,6.3,5.9,1,100,7,9.72,5,15,Transferência,Não,7.81,Aprovado,7.81
CD11012,6,18,17.3,6.0,1,12,3,8.61,5,26,Ampla concorrência,Não,9.63,Aprovado,9.63
CD11013,3,34,20.2,7.0,3,37,7,8.45,4,17,Cotas,Não,7.93,Aprovado,7.93
CD11014,5,34,4.1,8.1,7,72,5,9.84,4,21,Ampla concorrência,Não,5.93,Reprovado,5.93
CD11015,6,20,22.0,5.2,3,90,4,8.99,8,3,Ampla concorrência,Sim,8.5,Aprovado,8.5
CD11016,2,29,7.9,7.8,2,40,6,5.68,7,24,Cotas,Sim,5.84,Reprovado,5.84
CD11017,3,23,15.6,7.6,2,19,7,6.74,3,4,Transferência,Sim,8.44,Aprovado,8.44
CD11018,8,28,12.7,5.9,3,58,3,9.83,6,20,Cotas,Não,7.38,Aprovado,7.38
CD11019,5,20,19.1,7.7,6,95,7,7.45,7,21,Cotas,Sim,7.3,Aprovado,7.3
CD11020,7,25,11.8,8.8,3,103,7,5.56,8,10,Cotas,Sim,6.81,Aprovado,6.81
CD11021,1,31,22.3,5.2,2,30,3,7.29,4,5,Ampla concorrência,Não,8.15,Aprovado,8.15
CD11022,2,31,19.3,6.3,3,109,3,8.48,2,25,Transferência,Não,8.82,Aprovado,8.82
CD11023,2,27,17.6,6.8,6,62,4,9.99,3,28,Transferência,Sim,8.39,Aprovado,8.39
CD11024,8,19,20.7,8.6,1,96,6,6.62,5,16,Ampla concorrência,Não,9.2,Aprovado,9.2
CD11025,6,31,19.8,8.8,2,111,4,7.57,4,28,Transferência,Sim,8.01,Aprovado,8.01
CD11026,2,26,4.8,6.8,5,85,4,9.4,8,11,Cotas,Não,7.71,Aprovado,7.71
CD11027,3,20,12.3,8.0,4,98,3,6.78,2,10,Transferência,Sim,6.37,Aprovado,6.37
CD11028,5,25,23.5,7.1,2,63,3,5.55,1,19,Ampla concorrência,Não,8.77,Aprovado,8.77
CD11029,5,33,6.6,7.2,2,66,6,9.74,5,25,Transferência,Sim,7.05,Aprovado,7.05
CD11030,7,19,19.5,6.1,3,29,7,7.44,6,25,Ampla concorrência,Não,8.59,Aprovado,8.59
CD11031,8,23,24.5,5.9,3,58,4,7.51,4,26,Cotas,Sim,8.6,Aprovado,8.6
CD11032,1,29,5.1,6.2,3,115,6,8.11,0,18,Ampla concorrência,Sim,6.65,Aprovado,6.65
CD11033,6,22,18.3,7.2,6,16,4,5.02,2,12,Transferência,Sim,7.54,Aprovado,7.54
CD11034,1,19,13.8,5.1,0,38,7,9.66,2,23,Cotas,Sim,7.99,Aprovado,7.99
CD11035,2,33,16.2,8.6,4,57,4,6.81,3,12,Transferência,Não,7.98,Aprovado,7.98
CD11036,8,22,5.8,5.6,1,102,5,6.98,5,27,Ampla concorrência,Não,6.74,Aprovado,6.74
CD11037,7,32,4.9,5.9,4,22,6,5.87,4,27,Cotas,Não,5.57,Reprovado,5.57
CD11038,1,29,18.0,7.1,1,12,3,6.89,0,26,Ampla concorrência,Não,7.65,Aprovado,7.65
CD11039,3,21,21.3,7.8,1,11,4,9.02,5,8,Transferência,Não,8.35,Aprovado,8.35
CD11040,5,32,20.4,5.4,3,25,6,9.0,8,24,Ampla concorrência,Não,7.78,Aprovado,7.78
CD11041,2,28,15.4,6.3,2,103,6,9.68,0,19,Transferência,Sim,8.14,Aprovado,8.14
CD11042,7,33,6.1,8.9,0,111,4,7.02,7,18,Transferência,Não,6.88,Aprovado,6.88
CD11043,1,23,18.4,6.0,2,15,3,8.54,7,17,Cotas,Sim,6.16,Aprovado,6.16
CD11044,6,31,9.1,6.3,3,54,3,7.54,2,24,Cotas,Não,7.1,Aprovado,7.1
CD11045,3,35,23.1,8.3,3,80,4,9.02,8,16,Ampla concorrência,Não,8.83,Aprovado,8.83
CD11046,3,29,21.6,5.2,2,14,6,8.56,7,6,Transferência,Não,9.15,Aprovado,9.15
CD11047,1,28,18.9,6.9,10,65,3,6.84,2,6,Transferência,Não,5.9,Reprovado,5.9
CD11048,5,30,23.9,6.5,4,80,4,6.68,4,4,Cotas,Não,6.88,Aprovado,6.88
CD11049,1,28,4.7,6.3,2,107,4,6.26,2,13,Cotas,Não,6.24,Aprovado,6.24
CD11050,2,33,19.5,6.1,2,41,4,7.88,4,6,Cotas,Não,7.26,Aprovado,7.26
CD11051,1,32,10.9,5.4,3,58,6,9.82,8,23,Cotas,Não,6.75,Aprovado,6.75
CD11052,3,32,23.0,6.3,3,22,3,6.0,3,30,Ampla concorrência,Não,7.11,Aprovado,7.11
CD11053,7,21,9.6,5.2,3,39,6,5.48,5,23,Ampla concorrência,Não,5.92,Reprovado,5.92
CD11054,1,28,19.2,8.1,0,34,5,5.6,2,18,Ampla concorrência,Não,6.51,Aprovado,6.51
CD11055,5,32,22.4,6.6,0,94,3,8.92,2,23,Ampla concorrência,Não,7.75,Aprovado,7.75
CD11056,8,21,4.9,6.8,4,69,6,6.75,4,6,Cotas,Não,6.01,Aprovado,6.01
CD11057,7,30,12.4,8.6,2,68,3,6.12,7,3,Ampla concorrência,Não,5.65,Reprovado,5.65
CD11058,6,19,20.0,7.6,4,94,5,6.76,7,28,Ampla concorrência,Não,6.28,Aprovado,6.28
CD11059,4,31,13.6,5.0,2,37,7,8.23,2,26,Ampla concorrência,Não,7.45,Aprovado,7.45
CD11060,1,21,9.6,8.8,1,67,4,7.73,7,21,Cotas,Não,8.06,Aprovado,8.06
CD11061,5,33,8.6,5.9,2,29,6,8.72,7,4,Transferência,Sim,7.66,Aprovado,7.66
CD11062,7,31,6.8,5.4,2,43,5,6.7,2,11,Cotas,Não,7.25,Aprovado,7.25
CD11063,5,32,22.0,8.1,4,14,5,7.26,1,25,Transferência,Não,6.35,Aprovado,6.35
CD11064,6,20,16.1,7.0,2,91,3,5.51,1,27,Transferência,Não,5.79,Reprovado,5.79
CD11065,3,25,5.6,6.7,3,69,3,5.37,8,15,Ampla concorrência,Sim,5.83,Reprovado,5.83
CD11066,5,33,12.0,6.0,0,112,4,7.31,6,20,Ampla concorrência,Não,7.74,Aprovado,7.74
CD11067,7,27,11.7,7.2,2,52,3,6.51,5,18,Ampla concorrência,Não,7.18,Aprovado,7.18
CD11068,5,21,7.8,6.1,1,66,6,8.06,6,18,Cotas,Não,6.02,Aprovado,6.02
CD11069,5,35,13.1,8.6,5,66,6,5.22,7,27,Cotas,Não,7.01,Aprovado,7.01
CD11070,5,19,11.0,5.9,4,84,6,5.61,0,12,Ampla concorrência,Não,6.19,Aprovado,6.19
CD11071,2,34,11.2,8.5,6,63,7,9.33,7,11,Cotas,Não,7.76,Aprovado,7.76
CD11072,2,30,19.5,7.2,3,90,6,7.83,2,13,Cotas,Não,7.25,Aprovado,7.25
CD11073,3,21,8.7,8.3,11,54,3,8.56,2,27,Transferência,Não,5.3,Reprovado,5.3
CD11074,1,28,17.5,7.9,1,95,3,9.21,5,28,Cotas,Não,8.68,Aprovado,8.68
CD11075,5,24,16.0,7.8,1,46,6,7.32,3,28,Transferência,Sim,7.72,Aprovado,7.72
CD11076,6,29,15.9,6.3,2,93,5,8.81,3,6,Ampla concorrência,Não,6.88,Aprovado,6.88
CD11077,1,27,17.9,5.9,4,57,5,7.62,3,12,Cotas,Não,6.93,Aprovado,6.93
CD11078,6,24,15.5,5.8,2,63,5,6.11,8,5,Transferência,Não,7.39,Aprovado,7.39
CD11079,1,30,22.5,8.4,2,57,4,6.69,7,8,Cotas,Não,7.79,Aprovado,7.79
CD11080,3,24,18.2,8.3,2,119,7,7.45,2,5,Transferência,Não,7.88,Aprovado,7.88
CD11081,5,34,15.5,6.8,3,15,6,6.58,0,29,Transferência,Sim,6.61,Aprovado,6.61
CD11082,5,27,21.4,5.5,1,43,4,6.68,0,11,Cotas,Sim,8.63,Aprovado,8.63
CD11083,4,27,16.7,6.5,0,72,5,6.69,0,5,Ampla concorrência,Não,7.27,Aprovado,7.27
CD11084,6,21,10.1,7.5,1,87,6,5.61,3,20,Transferência,Não,4.75,Reprovado,4.75
CD11085,1,21,8.3,6.8,3,57,4,5.42,5,10,Ampla concorrência,Não,6.12,Aprovado,6.12
CD11086,1,24,7.2,8.1,7,32,3,5.23,3,24,Cotas,Não,6.01,Aprovado,6.01
CD11087,8,18,22.9,9.0,4,93,5,5.55,2,10,Cotas,Não,7.38,Aprovado,7.38
CD11088,8,29,18.9,5.8,6,22,4,6.72,7,17,Ampla concorrência,Não,6.75,Aprovado,6.75
CD11089,2,30,23.7,6.8,5,56,3,7.97,7,15,Cotas,Sim,6.52,Aprovado,6.52
CD11090,4,27,16.7,6.7,2,53,5,5.94,5,9,Transferência,Não,6.5,Aprovado,6.5
CD11091,7,32,13.9,6.2,3,114,7,9.44,8,21,Ampla concorrência,Não,7.32,Aprovado,7.32
CD11092,8,30,5.3,5.8,5,41,5,9.04,0,10,Cotas,Sim,6.27,Aprovado,6.27
CD11093,7,26,18.1,5.3,5,35,7,7.6,7,12,Cotas,Não,7.76,Aprovado,7.76
CD11094,2,26,16.2,8.5,3,62,7,8.62,5,19,Ampla concorrência,Sim,7.41,Aprovado,7.41
CD11095,2,32,24.8,6.7,4,23,7,6.83,0,3,Transferência,Sim,8.68,Aprovado,8.68
CD11096,2,27,9.0,7.0,3,61,6,5.18,3,15,Ampla concorrência,Não,5.88,Reprovado,5.88
CD11097,6,27,15.1,8.7,0,45,6,9.52,4,28,Cotas,Não,8.92,Aprovado,8.92
CD11098,6,25,17.7,8.1,7,17,7,5.64,6,15,Cotas,Não,6.7,Aprovado,6.7
CD11099,3,33,17.5,5.5,2,49,3,9.74,7,26,Ampla concorrência,Não,8.35,Aprovado,8.35
CD11100,3,34,15.8,7.3,5,95,7,7.86,8,18,Transferência,Sim,6.74,Aprovado,6.74
CD11101,2,22,20.3,6.8,1,31,4,6.53,5,11,Transferência,Não,6.56,Aprovado,6.56
CD11102,4,21,8.3,8.2,1,25,7,7.48,8,12,Transferência,Não,6.78,Aprovado,6.78
CD11103,1,35,19.2,7.9,1,100,6,7.51,3,8,Ampla concorrência,Não,8.89,Aprovado,8.89
CD11104,6,21,17.0,7.8,3,69,6,5.12,7,7,Transferência,Não,6.33,Aprovado,6.33
CD11105,4,24,22.8,6.4,3,69,4,6.78,2,4,Transferência,Não,7.19,Aprovado,7.19
CD11106,5,27,21.8,8.2,1,19,4,8.7,3,13,Transferência,Não,8.15,Aprovado,8.15
CD11107,6,35,10.6,5.2,3,34,5,7.55,3,11,Transferência,Não,8.11,Aprovado,8.11
CD11108,6,21,9.8,5.6,3,40,3,6.22,5,8,Cotas,Não,6.96,Aprovado,6.96
CD11109,3,27,24.6,6.3,7,30,3,6.68,8,10,Ampla concorrência,Não,8.26,Aprovado,8.26
CD11110,1,18,15.1,5.3,4,100,3,9.32,5,11,Ampla concorrência,Sim,6.3,Aprovado,6.3
CD11111,1,35,23.0,5.9,3,90,6,7.63,0,11,Transferência,Não,7.31,Aprovado,7.31
CD11112,8,22,7.4,8.3,3,42,3,7.64,4,10,Ampla concorrência,Sim,6.09,Aprovado,6.09
CD11113,7,32,17.5,8.8,1,40,5,9.81,8,14,Ampla concorrência,Não,9.06,Aprovado,9.06
CD11114,7,34,21.0,6.2,5,115,5,6.6,4,28,Cotas,Não,7.72,Aprovado,7.72
CD11115,7,20,23.9,6.1,2,99,3,7.4,5,10,Ampla concorrência,Não,8.71,Aprovado,8.71
CD11116,7,29,11.1,6.1,2,30,4,9.06,2,5,Cotas,Não,6.13,Aprovado,6.13
CD11117,5,19,19.2,6.1,2,45,5,8.79,7,15,Ampla concorrência,Não,8.79,Aprovado,8.79
CD11118,5,18,15.3,5.1,5,74,4,6.33,3,21,Cotas,Não,7.18,Aprovado,7.18
CD11119,6,34,5.3,8.7,2,13,6,5.76,3,4,Cotas,Não,5.35,Reprovado,5.35
CD11120,2,33,18.5,5.9,1,77,5,8.5,4,19,Ampla concorrência,Sim,7.81,Aprovado,7.81
CD11121,3,22,18.5,6.7,7,99,4,6.29,8,18,Cotas,Não,6.18,Aprovado,6.18
CD11122,3,32,23.5,5.0,6,13,3,9.61,7,6,Cotas,Não,8.22,Aprovado,8.22
CD11123,7,20,14.4,8.4,2,18,6,5.65,6,20,Ampla concorrência,Não,7.0,Aprovado,7.0
CD11124,6,24,8.8,7.9,2,39,7,6.59,4,16,Cotas,Não,7.5,Aprovado,7.5
CD11125,8,28,4.9,8.8,3,54,7,5.27,8,4,Cotas,Não,5.08,Reprovado,5.08
CD11126,4,27,12.7,8.1,4,13,3,8.52,8,15,Cotas,Não,6.92,Aprovado,6.92
CD11127,2,26,10.3,6.3,2,78,6,9.46,1,29,Cotas,Sim,6.73,Aprovado,6.73
CD11128,6,31,20.0,6.0,2,118,6,8.18,3,29,Cotas,Não,8.43,Aprovado,8.43
CD11129,2,30,11.4,7.8,2,32,6,9.69,7,23,Transferência,Sim,6.56,Aprovado,6.56
CD11130,2,19,23.9,6.5,4,25,6,5.64,0,22,Cotas,Sim,7.41,Aprovado,7.41
CD11131,2,20,24.2,7.3,5,31,7,5.44,4,19,Cotas,Não,6.31,Aprovado,6.31
CD11132,6,24,17.0,5.0,3,110,4,9.19,7,17,Cotas,Sim,7.91,Aprovado,7.91
CD11133,7,35,23.5,5.2,3,81,6,9.28,1,27,Cotas,Não,9.23,Aprovado,9.23
CD11134,3,20,20.0,7.1,2,57,4,9.16,1,22,Ampla concorrência,Não,7.83,Aprovado,7.83
CD11135,3,27,15.5,7.3,5,71,6,8.99,7,7,Transferência,Não,7.69,Aprovado,7.69
CD11136,7,24,7.8,8.0,2,106,5,6.81,8,9,Ampla concorrência,Não,5.88,Reprovado,5.88
CD11137,2,26,13.6,5.5,3,69,5,6.09,6,20,Transferência,Não,6.6,Aprovado,6.6
CD11138,4,34,15.8,7.1,3,111,5,9.64,7,26,Cotas,Sim,6.83,Aprovado,6.83
CD11139,1,28,22.1,5.8,2,116,6,6.54,4,13,Cotas,Não,8.07,Aprovado,8.07
CD11140,6,24,14.1,5.4,1,89,4,6.99,0,20,Transferência,Não,6.85,Aprovado,6.85
CD11141,1,31,22.9,6.6,1,14,7,8.5,3,29,Transferência,Sim,8.16,Aprovado,8.16
CD11142,8,21,18.2,5.7,4,89,3,6.47,1,28,Ampla concorrência,Não,7.13,Aprovado,7.13
CD11143,7,23,6.9,5.9,1,16,7,9.1,2,7,Transferência,Não,5.83,Reprovado,5.83
CD11144,4,27,24.9,6.3,3,60,6,5.35,2,15,Cotas,Sim,6.87,Aprovado,6.87
CD11145,6,24,15.1,6.0,2,74,5,8.96,8,30,Ampla concorrência,Não,7.83,Aprovado,7.83
CD11146,7,30,12.2,5.4,1,18,5,8.01,3,20,Transferência,Não,7.19,Aprovado,7.19
CD11147,2,31,17.8,5.4,6,91,4,7.86,1,4,Transferência,Sim,8.83,Aprovado,8.83
CD11148,3,21,6.3,5.8,2,54,6,7.29,2,22,Ampla concorrência,Não,7.41,Aprovado,7.41
CD11149,1,25,17.4,5.2,4,56,7,6.39,2,6,Transferência,Não,7.09,Aprovado,7.09
CD11150,5,22,14.5,7.5,4,76,6,7.32,6,15,Cotas,Não,6.32,Aprovado,6.32
CD11151,5,18,12.5,6.1,7,33,6,7.25,7,26,Ampla concorrência,Não,6.27,Aprovado,6.27
CD11152,4,21,24.0,6.1,2,101,5,7.92,5,18,Transferência,Sim,8.6,Aprovado,8.6
CD11153,2,20,15.0,6.3,8,19,7,6.41,3,8,Cotas,Não,6.54,Aprovado,6.54
CD11154,8,26,8.6,7.7,3,82,3,5.39,5,28,Transferência,Não,6.96,Aprovado,6.96
CD11155,1,25,13.6,8.5,4,86,5,5.73,0,10,Ampla concorrência,Não,6.54,Aprovado,6.54
CD11156,2,18,23.3,8.0,4,57,7,8.5,7,18,Transferência,Não,8.18,Aprovado,8.18
CD11157,1,23,7.7,7.9,5,44,4,5.11,0,15,Transferência,Sim,6.89,Aprovado,6.89
CD11158,4,26,8.5,6.9,1,63,5,9.28,4,25,Transferência,Sim,6.62,Aprovado,6.62
CD11159,4,24,4.3,7.8,3,96,4,8.47,1,28,Cotas,Sim,7.86,Aprovado,7.86
CD11160,8,21,4.3,7.2,2,120,5,8.84,5,6,Cotas,Não,7.37,Aprovado,7.37
CD11161,5,30,21.4,5.9,1,90,6,9.18,8,4,Transferência,Sim,10.0,Aprovado,10.0
CD11162,2,34,19.4,5.8,2,119,7,5.61,4,11,Transferência,Sim,6.58,Aprovado,6.58
CD11163,6,19,11.5,6.2,3,80,4,9.11,3,20,Ampla concorrência,Não,8.55,Aprovado,8.55
CD11164,5,22,18.7,8.6,7,25,5,7.52,1,19,Transferência,Não,7.29,Aprovado,7.29
CD11165,2,29,12.3,7.2,4,62,4,9.43,2,10,Ampla concorrência,Não,7.36,Aprovado,7.36
CD11166,5,25,24.0,7.9,1,49,5,9.43,5,28,Cotas,Sim,8.88,Aprovado,8.88
CD11167,6,23,24.3,6.4,1,109,5,5.12,7,17,Transferência,Não,7.49,Aprovado,7.49
CD11168,3,25,12.2,6.6,1,29,3,6.91,7,11,Ampla concorrência,Sim,6.42,Aprovado,6.42
CD11169,3,35,21.9,5.5,4,97,3,7.63,4,19,Cotas,Não,7.63,Aprovado,7.63
CD11170,8,20,20.2,5.7,6,120,3,8.39,4,25,Ampla concorrência,Não,7.87,Aprovado,7.87
CD11171,3,29,10.5,8.3,6,78,4,6.43,2,4,Cotas,Não,5.99,Reprovado,5.99
CD11172,3,20,8.9,7.3,0,54,6,6.26,6,8,Transferência,Sim,6.97,Aprovado,6.97
CD11173,7,23,13.6,6.4,8,15,5,6.91,5,29,Ampla concorrência,Não,6.31,Aprovado,6.31
CD11174,1,19,20.4,8.2,3,101,7,7.5,0,7,Transferência,Não,7.96,Aprovado,7.96
CD11175,7,29,24.2,6.0,4,78,3,9.76,3,19,Ampla concorrência,Não,8.78,Aprovado,8.78
CD11176,7,19,20.0,8.9,2,58,4,8.81,5,4,Cotas,Não,8.4,Aprovado,8.4
CD11177,8,23,22.0,6.4,2,48,4,7.15,5,20,Ampla concorrência,Não,6.8,Aprovado,6.8
CD11178,7,34,16.7,6.3,2,111,4,5.27,2,12,Ampla concorrência,Não,7.52,Aprovado,7.52
CD11179,3,20,21.5,6.2,0,11,7,5.84,5,12,Transferência,Não,6.87,Aprovado,6.87
CD11180,6,19,20.5,5.5,6,116,7,7.28,5,8,Transferência,Não,7.21,Aprovado,7.21
CD11181,8,25,11.9,5.4,4,48,3,9.07,8,29,Transferência,Sim,6.9,Aprovado,6.9
CD11182,8,29,15.6,7.6,3,30,7,6.9,8,14,Cotas,Não,7.13,Aprovado,7.13
CD11183,4,21,20.9,8.5,3,49,3,7.69,1,19,Transferência,Sim,7.66,Aprovado,7.66
CD11184,8,22,5.0,8.2,1,110,7,9.46,3,29,Ampla concorrência,Não,7.61,Aprovado,7.61
CD11185,4,30,21.0,5.6,5,91,7,9.57,8,15,Cotas,Sim,8.18,Aprovado,8.18
CD11186,8,32,7.7,7.2,3,63,7,6.08,3,22,Transferência,Não,5.93,Reprovado,5.93
CD11187,1,33,14.8,5.4,4,119,3,5.22,7,30,Ampla concorrência,Não,5.17,Reprovado,5.17
CD11188,3,27,21.0,5.2,2,21,5,6.53,2,18,Ampla concorrência,Sim,8.1,Aprovado,8.1
CD11189,8,33,9.3,7.6,0,90,3,8.48,2,12,Cotas,Não,7.65,Aprovado,7.65
CD11190,3,29,9.2,7.1,1,46,5,9.76,8,29,Ampla concorrência,Não,8.23,Aprovado,8.23
CD11191,3,34,12.5,5.3,1,119,4,5.39,7,23,Transferência,Não,6.41,Aprovado,6.41
CD11192,5,33,22.8,5.1,4,47,4,5.14,0,4,Ampla concorrência,Não,7.3,Aprovado,7.3
CD11193,8,29,4.0,9.0,0,24,3,9.42,1,4,Transferência,Não,6.69,Aprovado,6.69
CD11194,2,25,22.9,5.1,2,16,5,8.74,2,25,Transferência,Sim,7.77,Aprovado,7.77
CD11195,5,20,7.2,6.8,3,87,5,9.96,1,9,Cotas,Não,7.13,Aprovado,7.13
CD11196,2,33,24.8,7.0,3,59,5,6.98,2,8,Ampla concorrência,Não,8.48,Aprovado,8.48
CD11197,3,30,24.1,5.5,3,74,4,7.08,7,3,Cotas,Não,7.62,Aprovado,7.62
CD11198,3,25,14.4,5.7,1,111,3,5.86,5,14,Cotas,Não,6.79,Aprovado,6.79
CD11199,5,22,14.8,6.4,2,76,6,5.58,6,15,Cotas,Não,6.87,Aprovado,6.87
,,,,,,,,,,,,,,,
,,,,,,,,,,,,,,,
,,,,,,,,,,,,,,,
,,,,,,,,,,,,,,,
,,,,,,,,,,,,,,,
,',,,,,,,,,,,,,,
